TEMPLATE OIL/GAS/MINING/LAND -  RESOURCECONTRACTS.ORG and OPENLANDCONTRACTS.ORG,,,,,,,
,,May-15,,,,,
,"Ethiopia, Getafan Mechanized Farming PLC, Land Rent Contractual Agreement, Kota Kebele, Cotton, 11 July 2011",,,,,FOR UPLOADERS - AUTOMATICALLY FILLED,
Français,English,Details - value,"Article/
Reference ","Page (permalink) page = page top, middle, bottom",Notes,Details with Reference,Details-Reference (AUTOMATIC)
I. Information générale sur le projet ,General information,,,,,I. Information générale sur le projet //General information,
Pays,Country,Ethiopia,Preamble,1 (top),,Pays//Country,Ethiopia--Preamble
Nom de la société locale,Local company name,Getafan Mechanized Farming P.L.C.,Preamble,1 (top),,Nom de la société locale//Local company name,Getafan Mechanized Farming P.L.C.--Preamble
Numéro d'entreprise légal,Legal Enterprise Identifier,,,,,Numéro d'entreprise légal//Legal Enterprise Identifier,
Siège social ,Corporate headquarters ,"H.no 980 Kebele 10/11, Akaki Kality sub city, Addis Ababa, Ethiopia",Preamble,1 (top),,Siège social //Corporate headquarters ,"H.no 980 Kebele 10/11, Akaki Kality sub city, Addis Ababa, Ethiopia--Preamble"
Structure du Capital,Company structure,,,,,Structure du Capital//Company structure,
"Société(s) mère(s) ou affiliée(s) hors du pays, si diffèrent de celle(s) notée(s) ci-dessus; et leurs sièges sociales ","Parent companies or affilates outside of the country, if different from the above mentioned; and their corporate headquarters",,,,,"Société(s) mère(s) ou affiliée(s) hors du pays, si diffèrent de celle(s) notée(s) ci-dessus; et leurs sièges sociales //Parent companies or affilates outside of the country, if different from the above mentioned; and their corporate headquarters",
Numéro d'entreprise légal,Legal Enterprise Identifier,,,,,Numéro d'entreprise légal//Legal Enterprise Identifier,
Site web de l’entreprise,Company website,,,,,Site web de l’entreprise//Company website,
"Type du titre associé au contrat (concession, bail, contrat de partage, contrat de service…)","Type of document / right (Concession, Lease, Production Sharing Agreement, Service Agreement, etc.)",Lease,Title,1 (top),,"Type du titre associé au contrat (concession, bail, contrat de partage, contrat de service…)//Type of document / right (Concession, Lease, Production Sharing Agreement, Service Agreement, etc.)",Lease--Title
Nom du projet,Project title,,,,,Nom du projet//Project title,
Nom du gisement/ champ de pétrole/ gas,"Name and/or number of field, block or deposit",,,,,"Nom du gisement/ champ de pétrole/ gas//Name and/or number of field, block or deposit",
"Emplacement, longitude et latitude / terrestre vs marin (peu profond vs. profond) ","Location, longitude and latitude / Onshore vs Offshore (shallow vs. deep) ","Benshangul Gumuz Regional State, Metekel Zone, Dangur District Kota kebele ",Art. 1.1,1 (bottom),,"Emplacement, longitude et latitude / terrestre vs marin (peu profond vs. profond) //Location, longitude and latitude / Onshore vs Offshore (shallow vs. deep) ","Benshangul Gumuz Regional State, Metekel Zone, Dangur District Kota kebele --Art. 1.1"
Lieu-dit habité le plus proche,Closest community,,,,,Lieu-dit habité le plus proche//Closest community,
Date d'octroi du permis d'exploitation ou concession,Date of issue of title/permit,,,,,Date d'octroi du permis d'exploitation ou concession//Date of issue of title/permit,
Année d'octroi du permis d'exploitation ou concession,Year of issue of title/permit,,,,,Année d'octroi du permis d'exploitation ou concession//Year of issue of title/permit,
Date de ratification,Date of ratification,,,,,Date de ratification//Date of ratification,
Investissement estimé,Estimated investment,,,,,Investissement estimé//Estimated investment,
Production attendue,Expected production,,,,,Production attendue//Expected production,
II. Résumé des dispositions du contrat,II. Summary of terms,,,,,II. Résumé des dispositions du contrat//II. Summary of terms,
1. Dispositions du base,1. Fundamental provisions,,,,,1. Dispositions du base//1. Fundamental provisions,
Nom de la société signataire du contrat et composition des actionnaires mentionnés dans le document,Name of company executing the document and composition of the shareholders,Getafan Mechanized Farming P.L.C.,Signature page,8 (middle),,Nom de la société signataire du contrat et composition des actionnaires mentionnés dans le document//Name of company executing the document and composition of the shareholders,Getafan Mechanized Farming P.L.C.--Signature page
Numéro d'entreprise légal,Legal Enterprise Identifier,,,,,Numéro d'entreprise légal//Legal Enterprise Identifier,
"Signataire(s), société ","Signatories, company","Fantahun Alemu, Assistance Manager, Getafan Mechanized Farming P.L.C.",Signature page,8 (middle),,"Signataire(s), société //Signatories, company","Fantahun Alemu, Assistance Manager, Getafan Mechanized Farming P.L.C.--Signature page"
"Agence de l'Etat, société nationale, ministère signataire du contrat","State agency, national company, ministry executing the document",Ministry of Agriculture of FDRE (Federal Democratic Republic of Ethiopia),Signature page,8 (middle),,"Agence de l'Etat, société nationale, ministère signataire du contrat//State agency, national company, ministry executing the document",Ministry of Agriculture of FDRE (Federal Democratic Republic of Ethiopia)--Signature page
"Signataire(s), Etat","Signatories, State","Tefera Derbew, Minister of Agriculture",Signature page,8 (middle),,"Signataire(s), Etat//Signatories, State","Tefera Derbew, Minister of Agriculture--Signature page"
Nom et/ou composition de la société du projet crée ou envisagée,Name and/or composition of the company created or anticipated,,,,,Nom et/ou composition de la société du projet crée ou envisagée//Name and/or composition of the company created or anticipated,
Nom de la partie tiers (si applicable),Name of third party to contract (where applicable),,,,,Nom de la partie tiers (si applicable)//Name of third party to contract (where applicable),
Date de signature du contrat,Date of contract signature,11/07/2011,Art. 19,8 (middle),,Date de signature du contrat//Date of contract signature,40735--Art. 19
Année de signature du contrat,Year of contract signature,2011,Art. 19,8 (middle),,Année de signature du contrat//Year of contract signature,2011--Art. 19
Durée,Term,25 years,"Arts. 2.1, 19","2 (top),8 (top)",,Durée//Term,"25 years--Arts. 2.1, 19"
Conditions de renouvellement,Conditions for renewal ,"The land lease agreement can be renewed for another additional years mutually agreed between the parties. The land lease agreement shall be renewed on the same terms and conditions. If any of the parties wish to renew the agreement, it shall inform the other party at least 6 months before the expiration of the contract period. ","Arts. 2.1, 8","2 (top), 5 (bottom)",,Conditions de renouvellement//Conditions for renewal ,"The land lease agreement can be renewed for another additional years mutually agreed between the parties. The land lease agreement shall be renewed on the same terms and conditions. If any of the parties wish to renew the agreement, it shall inform the other party at least 6 months before the expiration of the contract period. --Arts. 2.1, 8"
"Ressource(s) concernées (type de minéral, pétrole, gas, bois) ou les récoltes/denrées","Type of resources (mineral type, crude oil, gas, timber, etc.) OR specific crops planned (ex: food crops, oil palm, etc.)",Cotton as principal investment crop; oils seeds and pulses as rotational/substitute crops,Art. 1.1,1 (bottom),,"Ressource(s) concernées (type de minéral, pétrole, gas, bois) ou les récoltes/denrées//Type of resources (mineral type, crude oil, gas, timber, etc.) OR specific crops planned (ex: food crops, oil palm, etc.)",Cotton as principal investment crop; oils seeds and pulses as rotational/substitute crops--Art. 1.1
Superficie de la concession,Size of the concession area,"3,000 hectares. Getafan Mechanized Farming has the right to get additional land based on the performance, accomplishment and need of the company.","Arts. 1.1, 3.5","1 (bottom), 2 (bottom)",,Superficie de la concession//Size of the concession area,"3,000 hectares. Getafan Mechanized Farming has the right to get additional land based on the performance, accomplishment and need of the company.--Arts. 1.1, 3.5"
"2. Obligations à l'égard des communautés, la protection sociale et l’économie locale/régionale",2. Community and social obligations,,,,,"2. Obligations à l'égard des communautés, la protection sociale et l’économie locale/régionale//2. Community and social obligations",
Convention de développement local,Local development agreement,,,,,Convention de développement local//Local development agreement,
"Protection des lieux sacrés, des ressources et du milieu de vie","Protection of sacred locations, resources and environment",,,,,"Protection des lieux sacrés, des ressources et du milieu de vie//Protection of sacred locations, resources and environment",
Consultations communautaires requises,Requirements for community consultation ,,,,,Consultations communautaires requises//Requirements for community consultation ,
Obligations liées a la formation des cadres locaux,Management training requirement for nationals,,,,,Obligations liées a la formation des cadres locaux//Management training requirement for nationals,
Obligations liées à l'emploi du personnel local,Local employment requirements,,,,,Obligations liées à l'emploi du personnel local//Local employment requirements,
Obligations liées a l'approvisionnement en biens et services locaux,Local procurement requirements,,,,,Obligations liées a l'approvisionnement en biens et services locaux//Local procurement requirements,
Assurance,Insurance,,,,,Assurance//Insurance,
Réinstallation des habitants,Resettlement,,,,,Réinstallation des habitants//Resettlement,
"Programme de sous-traitance avec les petits planteurs (détails, des terres supplémentaires fournis, etc)","Outgrowers Program (details, additional land provided, etc)",,,,,"Programme de sous-traitance avec les petits planteurs (détails, des terres supplémentaires fournis, etc)//Outgrowers Program (details, additional land provided, etc)",
"Obligations concernant les travailleurs ou les habitants dans ou près des concessions en ce qui concerne la santé et la sécurité au travail, l'accès à l'eau potable, le logement, les soins médicaux ou l'éducation","Requirements regarding workers or farm/concession dwellers within concession areas or in nearby communities in respect of occupational health and safety, access to clean water, housing, medical care, or education",,,,,"Obligations concernant les travailleurs ou les habitants dans ou près des concessions en ce qui concerne la santé et la sécurité au travail, l'accès à l'eau potable, le logement, les soins médicaux ou l'éducation//Requirements regarding workers or farm/concession dwellers within concession areas or in nearby communities in respect of occupational health and safety, access to clean water, housing, medical care, or education",
"La sécurité physique, la protection de la propriété, et / ou l'utilisation des gardes","Physical security, protection of property, and/or use of guards","The Government shall ensure that during the period of the lease, Getafan Mechanized Farming shall enjoy peaceful and trouble-free possession of the premises and be provided with adequate security, on its request and free of cost, for carrying out its activities in that premises, against any riot, disturbance or any other turbulent time, other than force majeure. The Government shall protect the right of Getafan Mechanized Farming to the peaceful possession, use and quiet enjoyment of the leased area. ","Arts. 6.6, 14","5 (middle), 7 (top)",,"La sécurité physique, la protection de la propriété, et / ou l'utilisation des gardes//Physical security, protection of property, and/or use of guards","The Government shall ensure that during the period of the lease, Getafan Mechanized Farming shall enjoy peaceful and trouble-free possession of the premises and be provided with adequate security, on its request and free of cost, for carrying out its activities in that premises, against any riot, disturbance or any other turbulent time, other than force majeure. The Government shall protect the right of Getafan Mechanized Farming to the peaceful possession, use and quiet enjoyment of the leased area. --Arts. 6.6, 14"
Mécanismes de réclamation pour les parties non contractantes,Grievance mechanisms for non-contractual harms to non-contracting parties,,,,,Mécanismes de réclamation pour les parties non contractantes//Grievance mechanisms for non-contractual harms to non-contracting parties,
Droits d'accès/utilisation à la zone de concession pour les parties non contractantes qui utilisaient la terre au préalable (y compris l'agriculture indépendante autorisée dans la zone de concession),Rights of non-contracting parties to access/use concession area (including permitted independent farming in concession area) ,,,,,Droits d'accès/utilisation à la zone de concession pour les parties non contractantes qui utilisaient la terre au préalable (y compris l'agriculture indépendante autorisée dans la zone de concession)//Rights of non-contracting parties to access/use concession area (including permitted independent farming in concession area) ,
Autre - [le nom de catégorie],Other - [Name of Category],,,,,Autre - [le nom de catégorie]//Other - [Name of Category],
3. Obligations financières du détenteur du titre,3. Developer's financial obligations,,,,,3. Obligations financières du détenteur du titre//3. Developer's financial obligations,
Taxe minière / redevance,Mining tax / royalty tax,,,,,Taxe minière / redevance//Mining tax / royalty tax,
Impôt sur les bénéfices: taux,Income tax: rate,,,,,Impôt sur les bénéfices: taux//Income tax: rate,
Impôt sur les bénéfices: exonération,Income tax: exemptions,The Ministry of Agriculture undertakes to provide special investment privileges such as exemptions from taxation and import duties of capital goods and repatriation of capital and profits granted under the investment laws of Ethiopia,Art. 6.2,4 (bottom),,Impôt sur les bénéfices: exonération//Income tax: exemptions,The Ministry of Agriculture undertakes to provide special investment privileges such as exemptions from taxation and import duties of capital goods and repatriation of capital and profits granted under the investment laws of Ethiopia--Art. 6.2
"Autre aspects de l'impôt sur les bénéfices: (l’amortissement, déductibilité des frais financiers, report des pertes, cloisonnement)","Other income tax features (amortization, deductibility of expenses, loss carry forward, ring-fencing)",,,,,"Autre aspects de l'impôt sur les bénéfices: (l’amortissement, déductibilité des frais financiers, report des pertes, cloisonnement)//Other income tax features (amortization, deductibility of expenses, loss carry forward, ring-fencing)",
"Partage de production - Eléments de ""Cost Oil"" (base de calcul, limites sur le recouvrement des coûts, e.g. comme % des revenues ou de la production, crédit d'investissement, etc.)","Production Share - ""Cost Oil"" features (basis of calculation, limits on cost recovery - e.g. as % of revenue or production, capex uplift, etc.)",,,,,"Partage de production - Eléments de ""Cost Oil"" (base de calcul, limites sur le recouvrement des coûts, e.g. comme % des revenues ou de la production, crédit d'investissement, etc.)//Production Share - ""Cost Oil"" features (basis of calculation, limits on cost recovery - e.g. as % of revenue or production, capex uplift, etc.)",
"Partage de production - Eléments de ""Profit Oil"" (critères pour la modification du partage, - TRI, facteur ""r"", niveau de production, etc.)","Production Share - ""Profit Oil"" features (triggers for variations in split - IRR, ""r"" factor, production, etc.)",,,,,"Partage de production - Eléments de ""Profit Oil"" (critères pour la modification du partage, - TRI, facteur ""r"", niveau de production, etc.)//Production Share - ""Profit Oil"" features (triggers for variations in split - IRR, ""r"" factor, production, etc.)",
Contrat de Service - Frais du détenteur du titre défrayés (base de calcul),Service Agreement - Fee to developer / contractor (basis for calculation),,,,,Contrat de Service - Frais du détenteur du titre défrayés (base de calcul)//Service Agreement - Fee to developer / contractor (basis for calculation),
Impôt sur les Revenus des Valeurs Mobilières (IRVM),Capital gains tax,,,,,Impôt sur les Revenus des Valeurs Mobilières (IRVM)//Capital gains tax,
Retenue à la source sur les intérêts et/ou dividendes,Withholding tax on payment of interest and/or dividends,,,,,Retenue à la source sur les intérêts et/ou dividendes//Withholding tax on payment of interest and/or dividends,
Retenue à la source sur les salaires des nationaux,Witholding tax on national salaries,,,,,Retenue à la source sur les salaires des nationaux//Witholding tax on national salaries,
Retenue à la source sur les salaires des expatriés,Witholding tax on expatriate salaries,,,,,Retenue à la source sur les salaires des expatriés//Witholding tax on expatriate salaries,
Retenue à la source sur les prestations de service par des entreprises non résidentes,Witholding tax on services of non-resident companies,,,,,Retenue à la source sur les prestations de service par des entreprises non résidentes//Witholding tax on services of non-resident companies,
Retenue à la source sur les loyers des immeubles,Witholding tax on rent,,,,,Retenue à la source sur les loyers des immeubles//Witholding tax on rent,
Déductibilité des frais financiers,Deductibility of expenses,,,,,Déductibilité des frais financiers//Deductibility of expenses,
Méthode d’évaluation de prix ,Method for evaluating price,,,,,Méthode d’évaluation de prix //Method for evaluating price,
Provision pour la reconstitution des gisements,Provisions for renewing reserves,,,,,Provision pour la reconstitution des gisements//Provisions for renewing reserves,
Crédit d'investissement,Investment credit,,,,,Crédit d'investissement//Investment credit,
Droits de douane en phase de recherche,Custom duties during exploration phase,,,,,Droits de douane en phase de recherche//Custom duties during exploration phase,
Droits de douane en phase de construction,Custom duties during construction phase,,,,,Droits de douane en phase de construction//Custom duties during construction phase,
Droits de douane en phase d'exploitation,Custum duties during operation phase,,,,,Droits de douane en phase d'exploitation//Custum duties during operation phase,
Droits de douane pour le matériel de traitement,Custom duties on processing equipment,The Ministry of Agriculture undertakes to provide special investment privileges such as exemptions from taxation and import duties of capital goods and repatriation of capital and profits granted under the investment laws of Ethiopia,Art. 6.2,5 (top),,Droits de douane pour le matériel de traitement//Custom duties on processing equipment,The Ministry of Agriculture undertakes to provide special investment privileges such as exemptions from taxation and import duties of capital goods and repatriation of capital and profits granted under the investment laws of Ethiopia--Art. 6.2
Droits de douane pour le matériel de transformation,Custom duties on transformation equipment,The Ministry of Agriculture undertakes to provide special investment privileges such as exemptions from taxation and import duties of capital goods and repatriation of capital and profits granted under the investment laws of Ethiopia,Art. 6.2,5 (top),,Droits de douane pour le matériel de transformation//Custom duties on transformation equipment,The Ministry of Agriculture undertakes to provide special investment privileges such as exemptions from taxation and import duties of capital goods and repatriation of capital and profits granted under the investment laws of Ethiopia--Art. 6.2
Droits de douane pour le matériel de transport,Custom duties on transportation equipment,The Ministry of Agriculture undertakes to provide special investment privileges such as exemptions from taxation and import duties of capital goods and repatriation of capital and profits granted under the investment laws of Ethiopia,Art. 6.2,5 (top),,Droits de douane pour le matériel de transport//Custom duties on transportation equipment,The Ministry of Agriculture undertakes to provide special investment privileges such as exemptions from taxation and import duties of capital goods and repatriation of capital and profits granted under the investment laws of Ethiopia--Art. 6.2
TVA,VAT,,,,,TVA//VAT,
Droits fixes d'octroi et de renouvellement des permis,Fixed fee for grant and renewal of license ,,,,,Droits fixes d'octroi et de renouvellement des permis//Fixed fee for grant and renewal of license ,
Part patronale des cotisations de sécurité sociale,Social security contributions by employer,,,,,Part patronale des cotisations de sécurité sociale//Social security contributions by employer,
Redevances superficiaires,Surface fees,"There shall be a 3-year grace period for the land rent. The rent during this period will be prorated over the remaining years annually, commencing from the date of execution of the agreement. After 3 years, the annual lease rate per hectare for use of agricultural investment shall be birr 285.15 per hectare (making a total of birr 855,450 for all hectares). The total amount payment of contract will be birr 21,386,250. There shall be 1 year down payment for the land. The Ministry of Agriculture reserves the right to revise the lease payment rate as the need may arise. Once the annual land lease rent becomes payable upon completion of the grace period, Getafan Mechanized Farming has the obligation to settle the current annual land rent, including the prorated amount of the grace period, to the regions where the land is located during the months December up to June every year as per predetermined lease rate for rural lands.","Arts. 2.2, 4.7","2 (top), 3 (bottom)",,Redevances superficiaires//Surface fees,"There shall be a 3-year grace period for the land rent. The rent during this period will be prorated over the remaining years annually, commencing from the date of execution of the agreement. After 3 years, the annual lease rate per hectare for use of agricultural investment shall be birr 285.15 per hectare (making a total of birr 855,450 for all hectares). The total amount payment of contract will be birr 21,386,250. There shall be 1 year down payment for the land. The Ministry of Agriculture reserves the right to revise the lease payment rate as the need may arise. Once the annual land lease rent becomes payable upon completion of the grace period, Getafan Mechanized Farming has the obligation to settle the current annual land rent, including the prorated amount of the grace period, to the regions where the land is located during the months December up to June every year as per predetermined lease rate for rural lands.--Arts. 2.2, 4.7"
Obligations communautaires ou sous-nationales,Community and regional obligations,,,,,Obligations communautaires ou sous-nationales//Community and regional obligations,
Crédits de carbone,Carbon credits,,,,,Crédits de carbone//Carbon credits,
Primes,Bonuses,,,,,Primes//Bonuses,
Participation de l'Etat,State participation,,,,,Participation de l'Etat//State participation,
Exonérations non-précisées ailleurs,Other exemptions,,,,,Exonérations non-précisées ailleurs//Other exemptions,
Modes d'audit à l'égard des obligations financières du détenteur du titre,Audit mechanisms - financial obligations,,,,,Modes d'audit à l'égard des obligations financières du détenteur du titre//Audit mechanisms - financial obligations,
Restrictions sur les transactions avec les parties liées,Restrictions on transactions with affiliated parties,Dividing the leased land among shareholders to develop in an independent way or subleasing to any party is strictly forbidden and shall result in the termination of the agreement,Art. 4.10,4 (top),,Restrictions sur les transactions avec les parties liées//Restrictions on transactions with affiliated parties,Dividing the leased land among shareholders to develop in an independent way or subleasing to any party is strictly forbidden and shall result in the termination of the agreement--Art. 4.10
Autre - [le nom de catégorie],Other - [Name of Category],,,,,Autre - [le nom de catégorie]//Other - [Name of Category],
4. Dispositions environnementales ,4. Environmental provisions,,,,,4. Dispositions environnementales //4. Environmental provisions,
"Etude d'impact social, environnemental ou des droits humains, et les plans de gestion des risques","Social, environmental and/or human rights impact assessments, as well as related management plans",Getafan Mechanized Farming bears an obligation to conduct environmental impact assessment and deliver the report within 3 months of execution of the agreement,Art. 4.1(d),3 (top),,"Etude d'impact social, environnemental ou des droits humains, et les plans de gestion des risques//Social, environmental and/or human rights impact assessments, as well as related management plans",Getafan Mechanized Farming bears an obligation to conduct environmental impact assessment and deliver the report within 3 months of execution of the agreement--Art. 4.1(d)
Mode et fréquence de suivi des risques sociaux (y compris enfreinte aux droits de l'homme) ou environnementaux,"Social, environmental and/or human rights monitoring requirements",,,,,"Mode et fréquence de suivi des risques sociaux (y compris enfreinte aux droits de l'homme) ou environnementaux//Social, environmental and/or human rights monitoring requirements",
"Droit de prendre ou d'utiliser l'eau dans la zone de concession (ou à coté) (y compris les tarifs, licences, et permis)","Right to take and/or use water within/near contract concession area (including fees, licenses, and permits required)",,,,,"Droit de prendre ou d'utiliser l'eau dans la zone de concession (ou à coté) (y compris les tarifs, licences, et permis)//Right to take and/or use water within/near contract concession area (including fees, licenses, and permits required)",
Les autres obligations pour la protection de l'environnement (y compris la prévention de la pollution et la protection des cours d'eau),Other requirements regarding protection of the environment (including prevention of pollution and watercourse protection),"Getafan Mechanized Farming shall bear the obligation to provide good care and conservation of the leased land, with particular obligations to: (a) conserve tree plantations that have not been cleared for earth works, (b) apply appropriate working methods to prevent soil erosion in ""slopping"" areas, and (c) observe and implement the legislation providing for natural resource conservation",Art. 4.1,3 (top),,Les autres obligations pour la protection de l'environnement (y compris la prévention de la pollution et la protection des cours d'eau)//Other requirements regarding protection of the environment (including prevention of pollution and watercourse protection),"Getafan Mechanized Farming shall bear the obligation to provide good care and conservation of the leased land, with particular obligations to: (a) conserve tree plantations that have not been cleared for earth works, (b) apply appropriate working methods to prevent soil erosion in ""slopping"" areas, and (c) observe and implement the legislation providing for natural resource conservation--Art. 4.1"
Autre - [Responsabilité environnementale],Other - [Environmental liability],,,,,Autre - [Responsabilité environnementale]//Other - [Environmental liability],
5. Dispositions relatives aux opérations et à l’infrastructure,5. Operational provisions,,,,,5. Dispositions relatives aux opérations et à l’infrastructure//5. Operational provisions,
L'étude de faisabilité et le plan d'affaires,Feasibility studies and requirement of business plan,,,,,L'étude de faisabilité et le plan d'affaires//Feasibility studies and requirement of business plan,
"Obligations de travaux, d'investissements",Work and investment commitments,"There shall be a 1-year down payment for the land. Getafan Mechanized Farming should take over the leased land within 30 days of execution of the agreement by making the down payment of 1 year's rent. Getafan Mechanized Farming is expected to start developing the land within 6 months of the date of execution of the agreement, or from the date that it receives final clearance from the Government, whichever is later. It shall develop 1/3 of the leased plot of land within the first year from the date of signing of the agreement or from the date of receipt of all clearances from the Government, whichever is later. It shall develop the entire plot of leased land within 3 years. ","Arts. 2.2.4, 4.2-4.4","2 (middle), 3 (middle)",,"Obligations de travaux, d'investissements//Work and investment commitments","There shall be a 1-year down payment for the land. Getafan Mechanized Farming should take over the leased land within 30 days of execution of the agreement by making the down payment of 1 year's rent. Getafan Mechanized Farming is expected to start developing the land within 6 months of the date of execution of the agreement, or from the date that it receives final clearance from the Government, whichever is later. It shall develop 1/3 of the leased plot of land within the first year from the date of signing of the agreement or from the date of receipt of all clearances from the Government, whichever is later. It shall develop the entire plot of leased land within 3 years. --Arts. 2.2.4, 4.2-4.4"
Rétrocession,Transfer of risk,,,,,Rétrocession//Transfer of risk,
Construction et entretien d'infrastructure,Construction and maintenance of infrastructure,"Getafan Mechanized Farming has the right to build infrastructure such as dams, water boreholes, power houses, irrigation system, roads, bridges, offices, residential buildings, fuel/power supply stations/outlets, health/hospitals, dispensaries, education facilities, at their discretion upon consultation and submission of a permit request with concerned offices, subject to the type and size of the investment project whenever it deems so appropriate",Art. 3.2,2 (bottom),,Construction et entretien d'infrastructure//Construction and maintenance of infrastructure,"Getafan Mechanized Farming has the right to build infrastructure such as dams, water boreholes, power houses, irrigation system, roads, bridges, offices, residential buildings, fuel/power supply stations/outlets, health/hospitals, dispensaries, education facilities, at their discretion upon consultation and submission of a permit request with concerned offices, subject to the type and size of the investment project whenever it deems so appropriate--Art. 3.2"
Commercialisation et accès gouvernemental à la production ,Marketing of output and state access to output,,,,,Commercialisation et accès gouvernemental à la production //Marketing of output and state access to output,
Utilisation d’infrastructure par les tiers,Third party use of infrastructure,,,,,Utilisation d’infrastructure par les tiers//Third party use of infrastructure,
Financement d’infrastructure,Financing of infrastructure,,,,,Financement d’infrastructure//Financing of infrastructure,
Propriété d’infrastructure,Ownership of infrastructure,"Upon expiry or termination of the contract or revocation of the investment license, Getafan Mechanized Farming shall remove assets installed on the leased land in good order and hand over the leased land to the Ministry of Agriculture within 1 year",Art. 4.5,3 (bottom),,Propriété d’infrastructure//Ownership of infrastructure,"Upon expiry or termination of the contract or revocation of the investment license, Getafan Mechanized Farming shall remove assets installed on the leased land in good order and hand over the leased land to the Ministry of Agriculture within 1 year--Art. 4.5"
Modes d'audit à l'égard des dispositions opérationnelles,Audit mechanisms - operational obligations,,,,,Modes d'audit à l'égard des dispositions opérationnelles//Audit mechanisms - operational obligations,
Activité de beneficiation/ valeur ajoutée,Value addition/downstream activities,,,,,Activité de beneficiation/ valeur ajoutée//Value addition/downstream activities,
Autorisation pour utiliser les terres publique ou privées à l'extérieur de la zone de concession,Contracting party's permitted use of public or private land outside concession area,,,,,Autorisation pour utiliser les terres publique ou privées à l'extérieur de la zone de concession//Contracting party's permitted use of public or private land outside concession area,
Autre - [le nom de catégorie],Other - [Name of Category],,,,,Autre - [le nom de catégorie]//Other - [Name of Category],
6. Dispositions diverses,6. Miscellaneous provisions,,,,,6. Dispositions diverses//6. Miscellaneous provisions,
Loi applicable en cas des différends,Governing law in case of dispute,The governing law for operations under the agreement shall be the laws of Ethiopia,Art. 12,7 (top),,Loi applicable en cas des différends//Governing law in case of dispute,The governing law for operations under the agreement shall be the laws of Ethiopia--Art. 12
Arbitrage et règlement des différends,Arbitration and dispute resolution,"If a dispute arises between the Ministry of Agriculture and Getafan Mechanized Farming out of or in connection with this agreement, both parties will do their utmost to resolve the dispute amicably and to their mutual satisfaction. If they are unable to achieve such a settlement, the dispute shall be referred to the Ethiopian Federal Court. ",Art. 17,7 (bottom),,Arbitrage et règlement des différends//Arbitration and dispute resolution,"If a dispute arises between the Ministry of Agriculture and Getafan Mechanized Farming out of or in connection with this agreement, both parties will do their utmost to resolve the dispute amicably and to their mutual satisfaction. If they are unable to achieve such a settlement, the dispute shall be referred to the Ethiopian Federal Court. --Art. 17"
Clause de stabilisation,Stabilization clause,,,,,Clause de stabilisation//Stabilization clause,
Cession / transfert,Assignment / transfer,"Unless 75% of the project land is developed, Getafan Mechanized Farming has no right to transfer the land or properties developed on the land in favor of any other company or individual. Upon developing 75% of the land, Getafan Mechanized Farming can transfer the land or properties developed on the land in favor of any other company or individual only with the prior permit of the lessor. Getafan Mechanized Farming shall not have the right to transfer the remaining land which is not developed. ",Arts. 4.11-4.13,4 (top),,Cession / transfert//Assignment / transfer,"Unless 75% of the project land is developed, Getafan Mechanized Farming has no right to transfer the land or properties developed on the land in favor of any other company or individual. Upon developing 75% of the land, Getafan Mechanized Farming can transfer the land or properties developed on the land in favor of any other company or individual only with the prior permit of the lessor. Getafan Mechanized Farming shall not have the right to transfer the remaining land which is not developed. --Arts. 4.11-4.13"
Annulation / Résiliation ,Cancellation / termination,"Getafan Mechanized Farming has the right to terminate the land lease agreement subject to at least 6 months' prior written notice upon justified good cause. The Government has the right to terminate the land lease agreement subject to at least 6 months' prior written notice (i) for better socio economic benefit of the country/public, (ii) on the grounds of failure to develop the land within the time limits in accordance the contract obligation, (iii) on the grounds of any damage on the natural resources, or (iv) on the grounds of non-performance of due payment of lease charge. In the case of (ii), (iii) and (iv) above, if Getafan Mechanized Farming does not address such issue, the Government may extend the time period for such compliance or terminate the agreement. The land lease agreement may be terminated for a number of reasons, including upon (9.3) failure of the Government to fulfill or observe any of its obligations or covenants in the lease after Getafan Mechanized Farming has given a written notice of 6 months and the Government fails to perform, (9.4) failure of Getafan Mechanized Farming to settle annual rental and other relevant tax payments for 2 consecutive years, (9.5) failure of Getafan Mechanized Farming to perform its obligations in the lease after the Government has given 6 months' written notice calling upon them to observe and perform such obligations. The Government has the right to restore any land which is not developed with 6 months' advance notice and after Getafan Mechanized Farming has not cured the failure within 1 year.","Arts. 3.6, 5.4, 6.5, 9, 5.2","3 (top), 4 (middle), 5 (top), 5 (bottom), 4 (middle), 5 (top)",,Annulation / Résiliation //Cancellation / termination,"Getafan Mechanized Farming has the right to terminate the land lease agreement subject to at least 6 months' prior written notice upon justified good cause. The Government has the right to terminate the land lease agreement subject to at least 6 months' prior written notice (i) for better socio economic benefit of the country/public, (ii) on the grounds of failure to develop the land within the time limits in accordance the contract obligation, (iii) on the grounds of any damage on the natural resources, or (iv) on the grounds of non-performance of due payment of lease charge. In the case of (ii), (iii) and (iv) above, if Getafan Mechanized Farming does not address such issue, the Government may extend the time period for such compliance or terminate the agreement. The land lease agreement may be terminated for a number of reasons, including upon (9.3) failure of the Government to fulfill or observe any of its obligations or covenants in the lease after Getafan Mechanized Farming has given a written notice of 6 months and the Government fails to perform, (9.4) failure of Getafan Mechanized Farming to settle annual rental and other relevant tax payments for 2 consecutive years, (9.5) failure of Getafan Mechanized Farming to perform its obligations in the lease after the Government has given 6 months' written notice calling upon them to observe and perform such obligations. The Government has the right to restore any land which is not developed with 6 months' advance notice and after Getafan Mechanized Farming has not cured the failure within 1 year.--Arts. 3.6, 5.4, 6.5, 9, 5.2"
Indemnisation,Indemnification,,,,,Indemnisation//Indemnification,
Confidentialité,Confidentiality,,,,,Confidentialité//Confidentiality,
Langue,Language,ENG,,,,Langue//Language,ENG
Obligations de reporting et autres méthodes de contrôle de la conformité,Reporting Requirements and other methods of monitoring compliance,Getafan Mechanized Farming shall provide correct data and investment activity reports upon request by the Ministry of Agriculture. The Ministry of Agriculture has the right to monitor and establish whether Getafan Mechanized Farming is discharging and accomplishing its obligations diligently.,"Arts. 4.6, 5.1","3 (bottom), 4 (middle)",,Obligations de reporting et autres méthodes de contrôle de la conformité//Reporting Requirements and other methods of monitoring compliance,"Getafan Mechanized Farming shall provide correct data and investment activity reports upon request by the Ministry of Agriculture. The Ministry of Agriculture has the right to monitor and establish whether Getafan Mechanized Farming is discharging and accomplishing its obligations diligently.--Arts. 4.6, 5.1"
Clause de hardship ou force majeure,Hardship clause or force majeure,Conditions of force majeure shall be governed by the Ethiopian Civil code,Art. 13,7 (top),,Clause de hardship ou force majeure//Hardship clause or force majeure,Conditions of force majeure shall be governed by the Ethiopian Civil code--Art. 13
Expropriation,Expropriation / nationalization,,,,,Expropriation//Expropriation / nationalization,
Autre - [le nom de catégorie],Other - [Name of Category],,,,,Autre - [le nom de catégorie]//Other - [Name of Category],
III. Notes sur le document,III. Document notes,,,,,III. Notes sur le document//III. Document notes,
Pages Manquantes de la copie,Pages missing from copy,,,,,Pages Manquantes de la copie//Pages missing from copy,The site plan of the leased land and the environmental code of practice--Art. 16
Annexes Manquantes de la copie,Annexes missing from copy,The site plan of the leased land and the environmental code of practice,Art. 16,7 (bottom),,Annexes Manquantes de la copie//Annexes missing from copy,#REF!
