TEMPLATE OIL/GAS/MINING/LAND -   ,,Jan-14,,,,,
,"DRC, Industrie de Transformation des Bois, Contrat de concession forestière N. 013, 12 août 2011",,,,,FOR UPLOADERS - AUTOMATICALLY FILLED,
Français,English,Details  - value,"Article/
Reference ","Page (permalink) page = page top, middle, bottom",Notes,Details with Reference,Details-Reference (AUTOMATIC)
I. Information générale sur le projet ,General information,,,,,I. Information générale sur le projet //General information,
Pays,Country,"Congo, the Democratic Republic of the",,,,Pays//Country,"Congo, the Democratic Republic of the"
Nom de la société locale,Local company name,Industrie de Transformation de Bois,Préambule,1 (middle),,Nom de la société locale//Local company name,Industrie de Transformation de Bois--Préambule
Numéro d'entreprise légal,Legal Enterprise Identifier,,,,,Numéro d'entreprise légal//Legal Enterprise Identifier,
Siège social ,Corporate headquarters ,"N° 5501, Avenue de l'Ouest, Quartier Kingabwa, Commune de Limete, Ville-Province de Kinshasa, en République Démocratique du Congo",Préambule,1 (middle),,Siège social //Corporate headquarters ,"N° 5501, Avenue de l'Ouest, Quartier Kingabwa, Commune de Limete, Ville-Province de Kinshasa, en République Démocratique du Congo--Préambule"
Structure du Capital,Company structure,,,,,Structure du Capital//Company structure,
"Société(s) mère(s) ou affiliée(s) hors du pays, si diffèrent de celle(s) notée(s) ci-dessus; et leurs sièges sociales ","Parent companies or affilates outside of the country, if different from the above mentioned; and their corporate headquarters",,,,,"Société(s) mère(s) ou affiliée(s) hors du pays, si diffèrent de celle(s) notée(s) ci-dessus; et leurs sièges sociales //Parent companies or affilates outside of the country, if different from the above mentioned; and their corporate headquarters",
Numéro d'entreprise légal,Legal Enterprise Identifier,,,,,Numéro d'entreprise légal//Legal Enterprise Identifier,
Site web de l’entreprise,Company website,,,,,Site web de l’entreprise//Company website,
"Type du titre associé au contrat (concession, bail, contrat de partage, contrat de service…)","Type of document / right (Concession, Lease, Production Sharing Agreement, Service Agreement, etc.)",Contrat de concession forrestière,Préambule,1 (top),,"Type du titre associé au contrat (concession, bail, contrat de partage, contrat de service…)//Type of document / right (Concession, Lease, Production Sharing Agreement, Service Agreement, etc.)",Contrat de concession forrestière--Préambule
Nom du projet,Project title,,,,,Nom du projet//Project title,
Nom du gisement/ champ de pétrole/ gas,"Name and/or number of field, block or deposit",,,,,"Nom du gisement/ champ de pétrole/ gas//Name and/or number of field, block or deposit",
"Emplacement, longitude et latitude / terrestre vs marin (peu profond vs. profond) ","Location, longitude and latitude /  Onshore vs Offshore (shallow vs. deep) ","Secteur: Ekonda, territoire: Bikoro et Ingende, district: Equateur, province: Equateur.  La délimitation physique se décrit dans l'article 2(II).",Art. 2,2 (top),,"Emplacement, longitude et latitude / terrestre vs marin (peu profond vs. profond) //Location, longitude and latitude /  Onshore vs Offshore (shallow vs. deep) ","Secteur: Ekonda, territoire: Bikoro et Ingende, district: Equateur, province: Equateur.  La délimitation physique se décrit dans l'article 2(II).--Art. 2"
Lieu-dit habité le plus proche,Closest community,,,,,Lieu-dit habité le plus proche//Closest community,
Date d'octroi du permis d'exploitation ou concession,Date of issue of title/permit,,,,,Date d'octroi du permis d'exploitation ou concession//Date of issue of title/permit,
Année d'octroi du permis d'exploitation ou concession,Year of issue of title/permit,,,,,Année d'octroi du permis d'exploitation ou concession//Year of issue of title/permit,
Date de ratification,Date of ratification,,,,,Date de ratification//Date of ratification,
Investissement estimé,Estimated investment,,,,,Investissement estimé//Estimated investment,
Production attendue,Expected production,,,,,Production attendue//Expected production,
II. Résumé des dispositions du contrat,II. Summary of terms,,,,,II. Résumé des dispositions du contrat//II. Summary of terms,
1. Dispositions du base,1. Fundamental provisions,,,,,1. Dispositions du base//1. Fundamental provisions,
Nom de la société signataire du contrat et composition des actionnaires mentionnés dans le document,Name of company executing the document and composition of the shareholders,Industrie de Transformation de Bois,Préambule,1 (middle),,Nom de la société signataire du contrat et composition des actionnaires mentionnés dans le document//Name of company executing the document and composition of the shareholders,Industrie de Transformation de Bois--Préambule
Numéro d'entreprise légal,Legal Enterprise Identifier,,,,,Numéro d'entreprise légal//Legal Enterprise Identifier,
"Signataire(s), société ","Signatories, company","Fouad Sarrouf, Gérant Statutaire",Page de signatures,13 (bottom),,"Signataire(s), société //Signatories, company","Fouad Sarrouf, Gérant Statutaire--Page de signatures"
"Agence de l'Etat, société nationale, ministère signataire du contrat","State agency, national company, ministry executing the document","Le Ministre de l'Environnement, Conservation de la Nature et Tourisme",Préambule,1 (middle),,"Agence de l'Etat, société nationale, ministère signataire du contrat//State agency, national company, ministry executing the document","Le Ministre de l'Environnement, Conservation de la Nature et Tourisme--Préambule"
"Signataire(s), Etat","Signatories, State","José E.B. Endundo, Ministre de l'Environnement, Conservation de la Nature et Tourisme",Page de signatures,13 (bottom),,"Signataire(s), Etat//Signatories, State","José E.B. Endundo, Ministre de l'Environnement, Conservation de la Nature et Tourisme--Page de signatures"
Nom et/ou composition de la société du projet crée ou envisagée,Name and/or composition of the company created or anticipated,,,,,Nom et/ou composition de la société du projet crée ou envisagée//Name and/or composition of the company created or anticipated,
Nom de la partie tiers (si applicable),Name of third party to contract (where applicable),,,,,Nom de la partie tiers (si applicable)//Name of third party to contract (where applicable),
Date de signature du contrat,Date of contract signature,12-08-11,Page de signatures,13 (bottom),,Date de signature du contrat//Date of contract signature,40885--Page de signatures
Année de signature du contrat,Year of contract signature,2011,Page de signatures,13 (bottom),,Année de signature du contrat//Year of contract signature,2011--Page de signatures
Durée,Term,25 ans renouvelables. Le contrat prend fin le 11/08/2036.,"Arts. 3, 27","2 (bottom), 12 (bottom)",,Durée//Term,"25 ans renouvelables. Le contrat prend fin le 11/08/2036.--Arts. 3, 27"
Conditions de renouvellement,Conditions for renewal ,"A l'expiration du contrat de concession, ou un an avant la date d'expiration, Industrie de Transformation de Bois peut demander le renouvellement du contrat dans les conditions déterminées par les règlements en vigueur et à condition que les obligations découlant du contrat et du cahier des charges aient été exécutées. En demandant un renouvellement, Industrie de Transformation de Bois  doit fournir les preuves de mise à jour de son plan d'aménagement et du cahier des charges sur la période de renouvellement. Le Gouvernement peut refuser le renouvellement en cas de violation de l'une des quelconques dispositions du présent contrat et du cahier des charges: (1) le non payement de la redevance de superficie et/ou de toutes autres taxes et redevances pertinents; (2) l'exploitation forestière illégale; (3) le commerce illégal des produits forestiers; (4) la violation des obligations sociales et environnementales et de celles relatives aux engagements d'investissements industriels imposées par le présent contrat en vertu des dispositions légales et règlementaires en vigueur; et (5) la corruption, le dol ou la violence ou leur tentative dûment constatés.","Arts. 8, 27","4 (top), 12 (middle)",,Conditions de renouvellement//Conditions for renewal ,"A l'expiration du contrat de concession, ou un an avant la date d'expiration, Industrie de Transformation de Bois peut demander le renouvellement du contrat dans les conditions déterminées par les règlements en vigueur et à condition que les obligations découlant du contrat et du cahier des charges aient été exécutées. En demandant un renouvellement, Industrie de Transformation de Bois  doit fournir les preuves de mise à jour de son plan d'aménagement et du cahier des charges sur la période de renouvellement. Le Gouvernement peut refuser le renouvellement en cas de violation de l'une des quelconques dispositions du présent contrat et du cahier des charges: (1) le non payement de la redevance de superficie et/ou de toutes autres taxes et redevances pertinents; (2) l'exploitation forestière illégale; (3) le commerce illégal des produits forestiers; (4) la violation des obligations sociales et environnementales et de celles relatives aux engagements d'investissements industriels imposées par le présent contrat en vertu des dispositions légales et règlementaires en vigueur; et (5) la corruption, le dol ou la violence ou leur tentative dûment constatés.--Arts. 8, 27"
"Ressource(s) concernées (type de minéral, pétrole, gas, bois) ou les récoltes/denrées","Type of resources (mineral type, crude oil, gas, timber, etc.) OR specific crops planned (ex:  food crops, oil palm, etc.)",Bois d'œuvre,Art. 5,3 (middle),,"Ressource(s) concernées (type de minéral, pétrole, gas, bois) ou les récoltes/denrées//Type of resources (mineral type, crude oil, gas, timber, etc.) OR specific crops planned (ex:  food crops, oil palm, etc.)",Bois d'œuvre--Art. 5
Superficie de la concession,Size of the concession area,256.545 hectares,Art. 2,2 (top),,Superficie de la concession//Size of the concession area,256.545 hectares--Art. 2
"2. Obligations à l'égard des communautés, la protection sociale et l’économie locale/régionale",2. Community and social obligations,,,,,"2. Obligations à l'égard des communautés, la protection sociale et l’économie locale/régionale//2. Community and social obligations",
Convention de développement local,Local development agreement,"Industrie de Transformation de Bois doit réaliser les infrastructures socio-économiques et des services sociaux au profit des communautés locales et/ou peuples autochtones riverains contenues: (1) dans le plan de relance dans le cadre d'une conversion; ou (2) dans la proposition technique dans les cas d'une adjudication et définies dans le cahier des charges. Industrie de Transformation de Bois s'engage à mettre en œuvre un plan socio-économique, y compris les infrastructures socio-économiques et services sociaux, pour la période du plan d'aménagement.","Arts. 9(4), 17","4 (bottom), 5 (middle), 9 (middle)",,Convention de développement local//Local development agreement,"Industrie de Transformation de Bois doit réaliser les infrastructures socio-économiques et des services sociaux au profit des communautés locales et/ou peuples autochtones riverains contenues: (1) dans le plan de relance dans le cadre d'une conversion; ou (2) dans la proposition technique dans les cas d'une adjudication et définies dans le cahier des charges. Industrie de Transformation de Bois s'engage à mettre en œuvre un plan socio-économique, y compris les infrastructures socio-économiques et services sociaux, pour la période du plan d'aménagement.--Arts. 9(4), 17"
"Protection des lieux sacrés, des ressources et du milieu de vie","Protection of sacred locations, resources and environment","Industrie de Transformation de Bois est tenu de respecter les droits d'usage traditionnels des communautés locales et/ou peuples autochtones riverains de la concession tels que définis aux articles 36, 37 et 44 du code forestier. Il lui est interdit de créer toute entrave à l'exercice par les communautés locales et/ou peuples autochtones riverains des droits d'usage forestiers ainsi reconnus.",Art. 6,3 (middle),,"Protection des lieux sacrés, des ressources et du milieu de vie//Protection of sacred locations, resources and environment","Industrie de Transformation de Bois est tenu de respecter les droits d'usage traditionnels des communautés locales et/ou peuples autochtones riverains de la concession tels que définis aux articles 36, 37 et 44 du code forestier. Il lui est interdit de créer toute entrave à l'exercice par les communautés locales et/ou peuples autochtones riverains des droits d'usage forestiers ainsi reconnus.--Art. 6"
Consultations communautaires requises,Requirements for community consultation ,"Le tracé de toute route ou de toute voie d'accès ou d'évacuation à partir du territoire de la concession doit être soumis à une consultation avec les communautés locales et/ou peuples autochtones riverains durant la préparation du plan d'aménagement. La préparation du plan de gestion et du plan d'aménagement de la concession donne lieu à une diffusion de toute documentation appropriée auprès des communautés locales et/ou des peuples autochtones riverains et à une consultation régulière avec eux sur les questions intéressant la concession et leurs droits. L'administration peut assister aux séances de consultations. Le plan de gestion indique le calendrier et les modalités de consultation avec les communautés locales et/ou peuples autochtones sur le contenu et les modalités de réalisation du plan socio-économique y compris les infrastructures en leur faveur pour la durée de la concession. Pendant la période de préparation du plan d'aménagement, Industrie de Transformation de Bois doit consulter les communautés locales et/ou peuples autochtones riverains sur le plan socio-économique et les infrastructures qui feront l'objet du cahier des charges définitif qui sera annexé au plan d'aménagement.","Arts. 7, 10, 10(3), 17","3 (bottom), 6 (middle), 6 (bottom), 9 (middle), 14 (middle)",,Consultations communautaires requises//Requirements for community consultation ,"Le tracé de toute route ou de toute voie d'accès ou d'évacuation à partir du territoire de la concession doit être soumis à une consultation avec les communautés locales et/ou peuples autochtones riverains durant la préparation du plan d'aménagement. La préparation du plan de gestion et du plan d'aménagement de la concession donne lieu à une diffusion de toute documentation appropriée auprès des communautés locales et/ou des peuples autochtones riverains et à une consultation régulière avec eux sur les questions intéressant la concession et leurs droits. L'administration peut assister aux séances de consultations. Le plan de gestion indique le calendrier et les modalités de consultation avec les communautés locales et/ou peuples autochtones sur le contenu et les modalités de réalisation du plan socio-économique y compris les infrastructures en leur faveur pour la durée de la concession. Pendant la période de préparation du plan d'aménagement, Industrie de Transformation de Bois doit consulter les communautés locales et/ou peuples autochtones riverains sur le plan socio-économique et les infrastructures qui feront l'objet du cahier des charges définitif qui sera annexé au plan d'aménagement.--Arts. 7, 10, 10(3), 17"
Obligations liées a la formation des cadres locaux,Management training requirement for nationals,,,,,Obligations liées a la formation des cadres locaux//Management training requirement for nationals,
Obligations liées à l'emploi du personnel local,Local employment requirements,,,,,Obligations liées à l'emploi du personnel local//Local employment requirements,
Obligations liées a l'approvisionnement en biens et services locaux,Local procurement requirements,,,,,Obligations liées a l'approvisionnement en biens et services locaux//Local procurement requirements,
Assurance,Insurance,,,,,Assurance//Insurance,
Réinstallation des habitants,Resettlement,,,,,Réinstallation des habitants//Resettlement,
"Programme de sous-traitance  avec les petits planteurs (détails, des terres supplémentaires fournis, etc)","Outgrowers Program (details, additional land provided, etc)",,,,,"Programme de sous-traitance  avec les petits planteurs (détails, des terres supplémentaires fournis, etc)//Outgrowers Program (details, additional land provided, etc)",
"Obligations concernant les travailleurs ou les habitants dans ou près des concessions en ce qui concerne la santé et la sécurité au travail, l'accès à l'eau potable, le logement, les soins médicaux ou l'éducation","Requirements regarding workers or farm/concession dwellers within concession areas or in nearby communities in respect of occupational health and safety, access to clean water, housing, medical care, or education",,,,,"Obligations concernant les travailleurs ou les habitants dans ou près des concessions en ce qui concerne la santé et la sécurité au travail, l'accès à l'eau potable, le logement, les soins médicaux ou l'éducation//Requirements regarding workers or farm/concession dwellers within concession areas or in nearby communities in respect of occupational health and safety, access to clean water, housing, medical care, or education",
"La sécurité physique, la protection de la propriété, et / ou l'utilisation des gardes","Physical security, protection of property, and/or use of guards",,,,,"La sécurité physique, la protection de la propriété, et / ou l'utilisation des gardes//Physical security, protection of property, and/or use of guards",
Mécanismes de réclamation pour les parties non contractantes,Grievance mechanisms for non-contractual harms to non-contracting parties,,,,,Mécanismes de réclamation pour les parties non contractantes//Grievance mechanisms for non-contractual harms to non-contracting parties,
Droits d'accès/utilisation à la zone de concession pour les parties non contractantes qui utilisaient la terre au préalable (y compris l'agriculture indépendante autorisée dans la zone de concession),Rights of non-contracting parties to access/use concession area (including permitted independent farming in concession area) ,,,,,Droits d'accès/utilisation à la zone de concession pour les parties non contractantes qui utilisaient la terre au préalable (y compris l'agriculture indépendante autorisée dans la zone de concession)//Rights of non-contracting parties to access/use concession area (including permitted independent farming in concession area) ,
Autre - [le nom de catégorie],Other - [Name of Category],,,,,Autre - [le nom de catégorie]//Other - [Name of Category],
3. Obligations financières du détenteur du titre,3. Developer's financial obligations,,,,,3. Obligations financières du détenteur du titre//3. Developer's financial obligations,
Taxe minière / redevance,Mining tax / royalty tax,,,,,Taxe minière / redevance//Mining tax / royalty tax,
Impôt sur les bénéfices: taux,Income tax: rate,,,,,Impôt sur les bénéfices: taux//Income tax: rate,
Impôt sur les bénéfices: exonération,Income tax: exemptions,,,,,Impôt sur les bénéfices: exonération//Income tax: exemptions,
"Autre aspects de l'impôt sur les bénéfices: (l’amortissement, déductibilité des frais financiers, report des pertes, cloisonnement)","Other income tax features (amortization, deductibility of expenses, loss carry forward, ring-fencing)",,,,,"Autre aspects de l'impôt sur les bénéfices: (l’amortissement, déductibilité des frais financiers, report des pertes, cloisonnement)//Other income tax features (amortization, deductibility of expenses, loss carry forward, ring-fencing)",
"Partage de production - Eléments de ""Cost Oil"" (base de calcul, limites sur le recouvrement des coûts, e.g. comme % des revenues ou de la production, crédit d'investissement, etc.)","Production Share - ""Cost Oil"" features  (basis of calculation, limits on cost recovery - e.g. as % of revenue or production, capex uplift, etc.)",,,,,"Partage de production - Eléments de ""Cost Oil"" (base de calcul, limites sur le recouvrement des coûts, e.g. comme % des revenues ou de la production, crédit d'investissement, etc.)//Production Share - ""Cost Oil"" features  (basis of calculation, limits on cost recovery - e.g. as % of revenue or production, capex uplift, etc.)",
"Partage de production - Eléments de ""Profit Oil"" (critères pour la modification du partage, - TRI, facteur ""r"", niveau de production, etc.)","Production Share - ""Profit Oil"" features  (triggers for variations in split - IRR, ""r"" factor, production, etc.)",,,,,"Partage de production - Eléments de ""Profit Oil"" (critères pour la modification du partage, - TRI, facteur ""r"", niveau de production, etc.)//Production Share - ""Profit Oil"" features  (triggers for variations in split - IRR, ""r"" factor, production, etc.)",
Contrat de Service - Frais du détenteur du titre défrayés  (base de calcul),Service Agreement - Fee to developer / contractor (basis for calculation),,,,,Contrat de Service - Frais du détenteur du titre défrayés  (base de calcul)//Service Agreement - Fee to developer / contractor (basis for calculation),
Impôt sur les Revenus des Valeurs Mobilières (IRVM),Capital gains tax,,,,,Impôt sur les Revenus des Valeurs Mobilières (IRVM)//Capital gains tax,
Retenue à la source sur les intérêts et/ou dividendes,Withholding tax on payment of interest and/or dividends,,,,,Retenue à la source sur les intérêts et/ou dividendes//Withholding tax on payment of interest and/or dividends,
Retenue à la source sur les salaires des nationaux,Witholding tax on national salaries,,,,,Retenue à la source sur les salaires des nationaux//Witholding tax on national salaries,
Retenue à la source sur les salaires des expatriés,Witholding tax on expatriate salaries,,,,,Retenue à la source sur les salaires des expatriés//Witholding tax on expatriate salaries,
Retenue à la source sur les prestations de service par des entreprises non résidentes,Witholding tax on services of non-resident companies,,,,,Retenue à la source sur les prestations de service par des entreprises non résidentes//Witholding tax on services of non-resident companies,
Retenue à la source sur les loyers des immeubles,Witholding tax on rent,,,,,Retenue à la source sur les loyers des immeubles//Witholding tax on rent,
Déductibilité des frais financiers,Deductibility of expenses,,,,,Déductibilité des frais financiers//Deductibility of expenses,
Méthode d’évaluation de prix ,Method for evaluating price,,,,,Méthode d’évaluation de prix //Method for evaluating price,
Provision pour la reconstitution des gisements,Provisions for renewing reserves,,,,,Provision pour la reconstitution des gisements//Provisions for renewing reserves,
Crédit d'investissement,Investment credit,,,,,Crédit d'investissement//Investment credit,
Droits de douane en phase de recherche,Custom duties during exploration phase,,,,,Droits de douane en phase de recherche//Custom duties during exploration phase,
Droits de douane en phase de construction,Custom duties during construction phase,,,,,Droits de douane en phase de construction//Custom duties during construction phase,
Droits de douane en phase d'exploitation,Custum duties during operation phase,,,,,Droits de douane en phase d'exploitation//Custum duties during operation phase,
Droits de douane pour le matériel de traitement,Custom duties on processing equipment,,,,,Droits de douane pour le matériel de traitement//Custom duties on processing equipment,
Droits de douane pour le matériel de transformation,Custom duties on transformation equipment,,,,,Droits de douane pour le matériel de transformation//Custom duties on transformation equipment,
Droits de douane pour le matériel de transport,Custom duties on transportation equipment,,,,,Droits de douane pour le matériel de transport//Custom duties on transportation equipment,
TVA,VAT,,,,,TVA//VAT,
Droits fixes d'octroi et de renouvellement des permis,Fixed fee for grant and renewal of license  ,,,,,Droits fixes d'octroi et de renouvellement des permis//Fixed fee for grant and renewal of license  ,
Part patronale des cotisations de sécurité sociale,Social security contributions by employer,,,,,Part patronale des cotisations de sécurité sociale//Social security contributions by employer,
Redevances superficiaires,Surface fees,"Industrie de Transformation de Bois doit payer la redevance de superficie forestière et toutes autres taxes et redevances en vigueur liées a l'exploitation de la concession, dans les délais prescrits par la réglementation fiscale.","Arts. 9(6), 19bis","5 (middle), 15 (top)",,Redevances superficiaires//Surface fees,"Industrie de Transformation de Bois doit payer la redevance de superficie forestière et toutes autres taxes et redevances en vigueur liées a l'exploitation de la concession, dans les délais prescrits par la réglementation fiscale.--Arts. 9(6), 19bis"
Obligations communautaires ou sous-nationales,Community and regional obligations,,,,,Obligations communautaires ou sous-nationales//Community and regional obligations,
Crédits de carbone,Carbon credits,,,,,Crédits de carbone//Carbon credits,
Primes,Bonuses,,,,,Primes//Bonuses,
Participation de l'Etat,State participation,,,,,Participation de l'Etat//State participation,
Exonérations non-précisées ailleurs,Other exemptions,Aucun - Industrie de Transformation de Bois est tenu au paiement régulier et dans les délais légaux des taxes et redevances forestières en vigueur et ne peut bénéficier d'aucune exonération,Art. 19,9 (bottom),,Exonérations non-précisées ailleurs//Other exemptions,Aucun - Industrie de Transformation de Bois est tenu au paiement régulier et dans les délais légaux des taxes et redevances forestières en vigueur et ne peut bénéficier d'aucune exonération--Art. 19
Modes d'audit à l'égard des obligations financières du détenteur du titre,Audit mechanisms - financial obligations,"A la fin de la concession, un bilan de clôture des comptes est dressé par Industrie de Transformation de Bois dans un délai maximum de 6 mois à compter de la date d'expiration du présent contrat de concession",Art. 29,12 (bottom),,Modes d'audit à l'égard des obligations financières du détenteur du titre//Audit mechanisms - financial obligations,"A la fin de la concession, un bilan de clôture des comptes est dressé par Industrie de Transformation de Bois dans un délai maximum de 6 mois à compter de la date d'expiration du présent contrat de concession--Art. 29"
Restrictions sur les transactions avec les parties liées,Restrictions on transactions with affiliated parties,,,,,Restrictions sur les transactions avec les parties liées//Restrictions on transactions with affiliated parties,
Autre - [le nom de catégorie],Other - [Name of Category],,,,,Autre - [le nom de catégorie]//Other - [Name of Category],
4. Dispositions environnementales ,4. Environmental provisions,,,,,4. Dispositions environnementales //4. Environmental provisions,
"Etude d'impact social, environnemental ou des droits humains, et les plans de gestion des risques","Social, environmental and/or human rights impact assessments, as well as related management plans","Industrie de Transformation de Bois s'engage à préparer et à soumettre pour approbation à l'administration chargée des forêts, dans une période maximum de 4 ans, le plan d'aménagement conformément à la législation et à la réglementation en vigueur. Ce plan doit comprendre l'ensemble des obligations d'Industrie de Transformation de Bois en vue de s'assurer une gestion durable de la forêt concédée. Dans l'intervalle qui sépare la signature du présent contrat et l'approbation du plan, Industrie de Transformation de Bois ne peut exploiter la forêt concédée qu’en conformité avec un plan de gestion. Le plan de gestion doit être approuvé en même temps que le contrat de concession et constitue l'ensemble des engagements de Industrie de Transformation de Bois avant l'approbation du plan d'aménagement En particulier, le plan de gestion indique la description des activités de protection de l'environnement et de la conservation de la biodiversité et notamment les mesures de réduction, d'atténuation et de compensation de tout impact négatif des activités du concessionnaire sur l'environnement. ",Art. 10,"5 (bottom), 6 (top)",,"Etude d'impact social, environnemental ou des droits humains, et les plans de gestion des risques//Social, environmental and/or human rights impact assessments, as well as related management plans","Industrie de Transformation de Bois s'engage à préparer et à soumettre pour approbation à l'administration chargée des forêts, dans une période maximum de 4 ans, le plan d'aménagement conformément à la législation et à la réglementation en vigueur. Ce plan doit comprendre l'ensemble des obligations d'Industrie de Transformation de Bois en vue de s'assurer une gestion durable de la forêt concédée. Dans l'intervalle qui sépare la signature du présent contrat et l'approbation du plan, Industrie de Transformation de Bois ne peut exploiter la forêt concédée qu’en conformité avec un plan de gestion. Le plan de gestion doit être approuvé en même temps que le contrat de concession et constitue l'ensemble des engagements de Industrie de Transformation de Bois avant l'approbation du plan d'aménagement En particulier, le plan de gestion indique la description des activités de protection de l'environnement et de la conservation de la biodiversité et notamment les mesures de réduction, d'atténuation et de compensation de tout impact négatif des activités du concessionnaire sur l'environnement. --Art. 10"
Mode et fréquence de suivi des risques sociaux (y compris enfreinte aux droits de l'homme) ou environnementaux,"Social, environmental and/or human rights monitoring requirements",,,,,"Mode et fréquence de suivi des risques sociaux (y compris enfreinte aux droits de l'homme) ou environnementaux//Social, environmental and/or human rights monitoring requirements",
"Droit de prendre ou d'utiliser l'eau dans la zone de concession (ou à coté) (y compris les tarifs, licences, et permis)","Right to take and/or use water within/near contract concession area (including fees, licenses, and permits required)",,,,,"Droit de prendre ou d'utiliser l'eau dans la zone de concession (ou à coté) (y compris les tarifs, licences, et permis)//Right to take and/or use water within/near contract concession area (including fees, licenses, and permits required)",
Les autres obligations pour la protection de l'environnement (y compris la prévention de la pollution et la protection des cours d'eau),Other requirements regarding protection of the environment (including prevention of pollution and watercourse protection),"Industrie de Transformation de Bois doit mettre en œuvre les mesures environnementales et de protection de la biodiversité inscrites au présent contrat, y compris les mesures convenues dans le plan de relance dans le cas d'une conversion ou dans la proposition technique dans le cas de l'adjudication selon les termes du cahier des charges. Industrie de Transformation de Bois est tenu de respecter la législation en vigueur en matière de protection de l'environnement et de conservation de la diversité biologique. Industrie de Transformation de Bois contribue, en particulier, sur toute l'étendue de sa concession, à la lutte contre les feux de brousse, le braconnage et l'exploitation illégale du bois. Industrie de Transformation de Bois définit et met en œuvre des mesurés appropriées de contrôle pour minimiser, réduire ou compenser tant à l'intérieur de la concession que dans ses environs immédiats, tout impact négatif sur l'environnement, des travaux de réalisation d'infrastructures. Industrie de Transformation de Bois est tenu de respecter la mise en réserve de certaines essences et toutes restrictions édictées par l'administration chargée des forêts dans le but de protéger la diversité biologique. Dès qu'il y a un risque d'altération importante de la couverture végétale ou d'altération du sol, le plan d'aménagement indique toutes essences confondues, un nombre maximum de pieds exploitables par assiette annuelle de coupe.","Arts. 9(3), 11, 11(6), 12, 14","5 (top), 7 (top), 7 (middle), 7 (bottom), 8 (bottom)",,Les autres obligations pour la protection de l'environnement (y compris la prévention de la pollution et la protection des cours d'eau)//Other requirements regarding protection of the environment (including prevention of pollution and watercourse protection),"Industrie de Transformation de Bois doit mettre en œuvre les mesures environnementales et de protection de la biodiversité inscrites au présent contrat, y compris les mesures convenues dans le plan de relance dans le cas d'une conversion ou dans la proposition technique dans le cas de l'adjudication selon les termes du cahier des charges. Industrie de Transformation de Bois est tenu de respecter la législation en vigueur en matière de protection de l'environnement et de conservation de la diversité biologique. Industrie de Transformation de Bois contribue, en particulier, sur toute l'étendue de sa concession, à la lutte contre les feux de brousse, le braconnage et l'exploitation illégale du bois. Industrie de Transformation de Bois définit et met en œuvre des mesurés appropriées de contrôle pour minimiser, réduire ou compenser tant à l'intérieur de la concession que dans ses environs immédiats, tout impact négatif sur l'environnement, des travaux de réalisation d'infrastructures. Industrie de Transformation de Bois est tenu de respecter la mise en réserve de certaines essences et toutes restrictions édictées par l'administration chargée des forêts dans le but de protéger la diversité biologique. Dès qu'il y a un risque d'altération importante de la couverture végétale ou d'altération du sol, le plan d'aménagement indique toutes essences confondues, un nombre maximum de pieds exploitables par assiette annuelle de coupe.--Arts. 9(3), 11, 11(6), 12, 14"
Autre - [Responsabilité environnementale],Other - [Environmental liability],,,,,Autre - [Responsabilité environnementale]//Other - [Environmental liability],
5. Dispositions relatives aux opérations et à l’infrastructure,5. Operational provisions,,,,,5. Dispositions relatives aux opérations et à l’infrastructure//5. Operational provisions,
L'étude de faisabilité et le plan d'affaires,Feasibility studies and requirement of business plan,"Industrie de Transformation de Bois s'engage à préparer et à soumettre pour approbation à l'administration chargée des forêts, dans une période maximum de 4 ans, le plan d'aménagement. Le plan de gestion constitue l'ensemble des engagements d'Industrie de Transformation de Bois avant l'approbation du plan d'aménagement. Dans l'intervalle qui sépare la signature du contrat de l'approbation du plan, Industrie de Transformation de Bois exploite la forêt concédée en conformité avec un plan de gestion. ",Art. 10,5 (bottom),,L'étude de faisabilité et le plan d'affaires//Feasibility studies and requirement of business plan,"Industrie de Transformation de Bois s'engage à préparer et à soumettre pour approbation à l'administration chargée des forêts, dans une période maximum de 4 ans, le plan d'aménagement. Le plan de gestion constitue l'ensemble des engagements d'Industrie de Transformation de Bois avant l'approbation du plan d'aménagement. Dans l'intervalle qui sépare la signature du contrat de l'approbation du plan, Industrie de Transformation de Bois exploite la forêt concédée en conformité avec un plan de gestion. --Art. 10"
"Obligations de travaux, d'investissements",Work and investment commitments,"Industrie de Transformation de Bois doit réaliser les investissements, y compris l'acquisition des équipements prévus, la remise en état ou la modernisation de l'outil de transformation, ainsi que le recrutement du personnel nécessaire et autres activités prévues dans la proposition du plan de relance, dans le cas d' une concession ou dans la proposition technique dans le cas d'une adjudication, et écrits dans le cahier des charges",Art. 9(5),6 (middle),,"Obligations de travaux, d'investissements//Work and investment commitments","Industrie de Transformation de Bois doit réaliser les investissements, y compris l'acquisition des équipements prévus, la remise en état ou la modernisation de l'outil de transformation, ainsi que le recrutement du personnel nécessaire et autres activités prévues dans la proposition du plan de relance, dans le cas d' une concession ou dans la proposition technique dans le cas d'une adjudication, et écrits dans le cahier des charges--Art. 9(5)"
Rétrocession,Transfer of risk,,,,,Rétrocession//Transfer of risk,
Construction et entretien d'infrastructure,Construction and maintenance of infrastructure,,,,,Construction et entretien d'infrastructure//Construction and maintenance of infrastructure,
Commercialisation et accès gouvernemental à la production ,Marketing of output and state access to output,,,,,Commercialisation et accès gouvernemental à la production //Marketing of output and state access to output,
Utilisation d’infrastructure par les tiers,Third party use of infrastructure,,,,,Utilisation d’infrastructure par les tiers//Third party use of infrastructure,
Financement d’infrastructure,Financing of infrastructure,,,,,Financement d’infrastructure//Financing of infrastructure,
Propriété d’infrastructure,Ownership of infrastructure,,,,,Propriété d’infrastructure//Ownership of infrastructure,
Modes d'audit à l'égard des dispositions opérationnelles,Audit mechanisms - operational obligations,,,,,Modes d'audit à l'égard des dispositions opérationnelles//Audit mechanisms - operational obligations,
Activité de beneficiation/ valeur ajoutée,Value addition/downstream activities,,,,,Activité de beneficiation/ valeur ajoutée//Value addition/downstream activities,
Autorisation pour utiliser les terres publique ou privées à l'extérieur de la zone de concession,Contracting party's permitted use of public or private land outside concession area,"Industrie de Transformation de Bois bénéficie d'une servitude de passage sur les fonds riverains, destinée à favoriser l'accès à sa concession et l'évacuation de sa production. Il exerce cette servitude uniquement dans les limites de ce qui est strictement nécessaire à son droit de passage.",Art. 7,3 (bottom),,Autorisation pour utiliser les terres publique ou privées à l'extérieur de la zone de concession//Contracting party's permitted use of public or private land outside concession area,"Industrie de Transformation de Bois bénéficie d'une servitude de passage sur les fonds riverains, destinée à favoriser l'accès à sa concession et l'évacuation de sa production. Il exerce cette servitude uniquement dans les limites de ce qui est strictement nécessaire à son droit de passage.--Art. 7"
Autre - [le nom de catégorie],Other - [Name of Category],,,,,Autre - [le nom de catégorie]//Other - [Name of Category],
6. Dispositions diverses,6. Miscellaneous provisions,,,,,6. Dispositions diverses//6. Miscellaneous provisions,
Loi applicable en cas des différends,Governing law in case of dispute,,,,,Loi applicable en cas des différends//Governing law in case of dispute,
Arbitrage et règlement des différends,Arbitration and dispute resolution,"En cas de différend sur le tracé des voies d'accès ou d'évacuation à la concession, Industrie de Transformation de Bois fera appel aux mécanismes de règlement des différends définis aux articles 103 et 104 du code forestier. En cas de résiliation du contrat ou de déchéance, Industrie de Transformation de Bois dispose des recours légaux devant les juridictions compétentes. Tout différend relatif à l'interprétation ou l'exécution du présent contrat de concession et du cahier des charges sera réglé à l'amiable. En cas d'échec, le litige sera soumis aux juridictions compétentes à moins que les parties conviennent de recourir à l'arbitrage prévu par les articles 159 à 174 du code de procédure civile.","Arts. 7, 26, 30","4 (top), 12 (middle), 13 (top)",,Arbitrage et règlement des différends//Arbitration and dispute resolution,"En cas de différend sur le tracé des voies d'accès ou d'évacuation à la concession, Industrie de Transformation de Bois fera appel aux mécanismes de règlement des différends définis aux articles 103 et 104 du code forestier. En cas de résiliation du contrat ou de déchéance, Industrie de Transformation de Bois dispose des recours légaux devant les juridictions compétentes. Tout différend relatif à l'interprétation ou l'exécution du présent contrat de concession et du cahier des charges sera réglé à l'amiable. En cas d'échec, le litige sera soumis aux juridictions compétentes à moins que les parties conviennent de recourir à l'arbitrage prévu par les articles 159 à 174 du code de procédure civile.--Arts. 7, 26, 30"
Clause de stabilisation,Stabilization clause,,,,,Clause de stabilisation//Stabilization clause,
Cession / transfert,Assignment / transfer,,,,,Cession / transfert//Assignment / transfer,
Annulation / Résiliation ,Cancellation / termination,"Industrie de Transformation de Bois a la faculté de renoncer au bénéfice de la concession avant l'expiration du contrat de concession forestière. En cas de non respect par Industrie de Transformation de Bois de l'une des quelconques clauses du présent contrat et/ou du cahier des charges et après une mise en demeure assortie d'un délai ne dépassant pas 3 mois, le Gouvernement prescrit toutes mesures conservatoires destinées à assurer le respect des dispositions du présent contrat et du cahier des charges. Le contrat est résilié dans certains cas, y compris: (1) la commission de tout acte ou tentative d'acte de corruption, de dol ou de violence; ou (2) la violation répétée, après expiration des délais légaux mise en demeure, d'obligations sociales et environnementales découlant du présent contrat et du cahier des charges. L'état de cessation de paiement d'Industrie de Transformation de Bois constitue une cause de déchéance et entraîne la résiliation du présent contrat. Le Gouvernement constate la déchéance et procède à la résiliation du contrat par voie d'arrêté. ","Arts. 22, 23, 25","10 (bottom), 11 (top), 12 (top)",,Annulation / Résiliation //Cancellation / termination,"Industrie de Transformation de Bois a la faculté de renoncer au bénéfice de la concession avant l'expiration du contrat de concession forestière. En cas de non respect par Industrie de Transformation de Bois de l'une des quelconques clauses du présent contrat et/ou du cahier des charges et après une mise en demeure assortie d'un délai ne dépassant pas 3 mois, le Gouvernement prescrit toutes mesures conservatoires destinées à assurer le respect des dispositions du présent contrat et du cahier des charges. Le contrat est résilié dans certains cas, y compris: (1) la commission de tout acte ou tentative d'acte de corruption, de dol ou de violence; ou (2) la violation répétée, après expiration des délais légaux mise en demeure, d'obligations sociales et environnementales découlant du présent contrat et du cahier des charges. L'état de cessation de paiement d'Industrie de Transformation de Bois constitue une cause de déchéance et entraîne la résiliation du présent contrat. Le Gouvernement constate la déchéance et procède à la résiliation du contrat par voie d'arrêté. --Arts. 22, 23, 25"
Indemnisation,Indemnification,,,,,Indemnisation//Indemnification,
Confidentialité,Confidentiality,"Si le Gouvernement constate la déchéance et procède à la résiliation du contrat par voie d'arrêté, l'arrêté est publié au journal officiel et une copie est transmise aux cadastres forestiers national et provincial concerne. Le présent contrat ainsi que le cahier des charges sont publiés au journal officiel, déposés au cadastre forestier national, notifiés aux autorités provinciales et locales du ressort, et rendus publics par tout moyen approprié dans les localités riveraines de la concession.","Arts. 25, 31","12 (top), 13 (middle)",,Confidentialité//Confidentiality,"Si le Gouvernement constate la déchéance et procède à la résiliation du contrat par voie d'arrêté, l'arrêté est publié au journal officiel et une copie est transmise aux cadastres forestiers national et provincial concerne. Le présent contrat ainsi que le cahier des charges sont publiés au journal officiel, déposés au cadastre forestier national, notifiés aux autorités provinciales et locales du ressort, et rendus publics par tout moyen approprié dans les localités riveraines de la concession.--Arts. 25, 31"
Langue,Language,FRE,,,,Langue//Language,FRE
Obligations de reporting et autres méthodes de contrôle de la conformité,Reporting Requirements and other methods of monitoring compliance,,,,,Obligations de reporting et autres méthodes de contrôle de la conformité//Reporting Requirements and other methods of monitoring compliance,
Clause de hardship ou force majeure,Hardship clause or force majeure,,,,,Clause de hardship ou force majeure//Hardship clause or force majeure,
Expropriation,Expropriation / nationalization,,,,,Expropriation//Expropriation / nationalization,
Autre - [le nom de catégorie],Other - [Name of Category],,,,,Autre - [le nom de catégorie]//Other - [Name of Category],
III. Notes sur le document,III. Document notes,,,,,III. Notes sur le document//III. Document notes,
Pages Manquantes de la copie,Pages missing from  copy,,,,,Pages Manquantes de la copie//Pages missing from  copy,
Annexes Manquantes de la copie,Annexes missing from copy,"Le cahier des charges, la carte de la concession forestière",,"1 (bottom), 2 (bottom)",,Annexes Manquantes de la copie//Annexes missing from copy,"Le cahier des charges, la carte de la concession forestière"
