TEMPLATE OIL/GAS/MINING/LAND -   RESOURCECONTRACTS.ORG ,,Jan-14,,,,,,,,,,,,,,,,,,,,,,,,,,,,,,,,,,,,,,,,,,,,,,,,,,,,,,,,,,,,,,,,,,,,,,,,,,,,,,,,,,,,,,,,,,,,,,,,,,,,,,,,,,,,,,,,,,,,,,,,,,,,,,,,,,,,,,,,,,,,,,,,,,,,,,,,,,,,,,,,,,,,,,,,,,,,,,,,,,,,,,,,,,,,,,,,,,,,,,,,,,,,,,,,,,,,,,,,,,,,,,,,,,,,,,,,,,,,,,,,,,,,,,,,,,,,,
,Contract to Manage Timber Sale,,,,,FOR UPLOADERS - AUTOMATICALLY FILLED,,,,,,,,,,,,,,,,,,,,,,,,,,,,,,,,,,,,,,,,,,,,,,,,,,,,,,,,,,,,,,,,,,,,,,,,,,,,,,,,,,,,,,,,,,,,,,,,,,,,,,,,,,,,,,,,,,,,,,,,,,,,,,,,,,,,,,,,,,,,,,,,,,,,,,,,,,,,,,,,,,,,,,,,,,,,,,,,,,,,,,,,,,,,,,,,,,,,,,,,,,,,,,,,,,,,,,,,,,,,,,,,,,,,,,,,,,,,,,,,,,,,,,,,,
Français,English,Details,"Article/
Reference ",Page (permalink),Notes,Details with Reference,Details-Reference (AUTOMATIC),Column1,Column2,Column3,Column4,Column5,Column6,Column7,Column8,Column9,Column10,Column11,Column12,Column13,Column14,Column15,Column16,Column17,Column18,Column19,Column20,Column21,Column22,Column23,Column24,Column25,Column26,Column27,Column28,Column29,Column30,Column31,Column32,Column33,Column34,Column35,Column36,Column37,Column38,Column39,Column40,Column41,Column42,Column43,Column44,Column45,Column46,Column47,Column48,Column49,Column50,Column51,Column52,Column53,Column54,Column55,Column56,Column57,Column58,Column59,Column60,Column61,Column62,Column63,Column64,Column65,Column66,Column67,Column68,Column69,Column70,Column71,Column72,Column73,Column74,Column75,Column76,Column77,Column78,Column79,Column80,Column81,Column82,Column83,Column84,Column85,Column86,Column87,Column88,Column89,Column90,Column91,Column92,Column93,Column94,Column95,Column96,Column97,Column98,Column99,Column100,Column101,Column102,Column103,Column104,Column105,Column106,Column107,Column108,Column109,Column110,Column111,Column112,Column113,Column114,Column115,Column116,Column117,Column118,Column119,Column120,Column121,Column122,Column123,Column124,Column125,Column126,Column127,Column128,Column129,Column130,Column131,Column132,Column133,Column134,Column135,Column136,Column137,Column138,Column139,Column140,Column141,Column142,Column143,Column144,Column145,Column146,Column147,Column148,Column149,Column150,Column151,Column152,Column153,Column154,Column155,Column156,Column157,Column158,Column159,Column160,Column161,Column162,Column163,Column164,Column165,Column166,Column167,Column168,Column169,Column170,Column171,Column172,Column173,Column174,Column175,Column176,Column177,Column178,Column179,Column180,Column181,Column182,Column183,Column184,Column185,Column186,Column187,Column188,Column189,Column190,Column191,Column192,Column193,Column194,Column195,Column196,Column197,Column198,Column199,Column200,Column201,Column202,Column203,Column204,Column205,Column206,Column207,Column208,Column209,Column210,Column211,Column212,Column213,Column214,Column215,Column216,Column217,Column218,Column219,Column220,Column221,Column222,Column223,Column224,Column225,Column226,Column227,Column228,Column229,Column230,Column231,Column232,Column233,Column234,Column235,Column236,Column237,Column238,Column239,Column240,Column241,Column242,Column243,Column244,Column245,Column246,Column247,Column248
I. Information générale sur le projet ,General information,,,,,I. Information générale sur le projet //General information,,,,,,,,,,,,,,,,,,,,,,,,,,,,,,,,,,,,,,,,,,,,,,,,,,,,,,,,,,,,,,,,,,,,,,,,,,,,,,,,,,,,,,,,,,,,,,,,,,,,,,,,,,,,,,,,,,,,,,,,,,,,,,,,,,,,,,,,,,,,,,,,,,,,,,,,,,,,,,,,,,,,,,,,,,,,,,,,,,,,,,,,,,,,,,,,,,,,,,,,,,,,,,,,,,,,,,,,,,,,,,,,,,,,,,,,,,,,,,,,,,,,,,,,,
Pays,Country,Liberia,,,,Pays//Country,Liberia,,,,,,,,,,,,,,,,,,,,,,,,,,,,,,,,,,,,,,,,,,,,,,,,,,,,,,,,,,,,,,,,,,,,,,,,,,,,,,,,,,,,,,,,,,,,,,,,,,,,,,,,,,,,,,,,,,,,,,,,,,,,,,,,,,,,,,,,,,,,,,,,,,,,,,,,,,,,,,,,,,,,,,,,,,,,,,,,,,,,,,,,,,,,,,,,,,,,,,,,,,,,,,,,,,,,,,,,,,,,,,,,,,,,,,,,,,,,,,,,,,,,,,,,
Nom de la société locale,Local company name,Akewa Group of Companies,,6 (top),,Nom de la société locale//Local company name,Akewa Group of Companies,,,,,,,,,,,,,,,,,,,,,,,,,,,,,,,,,,,,,,,,,,,,,,,,,,,,,,,,,,,,,,,,,,,,,,,,,,,,,,,,,,,,,,,,,,,,,,,,,,,,,,,,,,,,,,,,,,,,,,,,,,,,,,,,,,,,,,,,,,,,,,,,,,,,,,,,,,,,,,,,,,,,,,,,,,,,,,,,,,,,,,,,,,,,,,,,,,,,,,,,,,,,,,,,,,,,,,,,,,,,,,,,,,,,,,,,,,,,,,,,,,,,,,,,
Siège social ,Corporate headquarters ,,,,,Siège social //Corporate headquarters ,,,,,,,,,,,,,,,,,,,,,,,,,,,,,,,,,,,,,,,,,,,,,,,,,,,,,,,,,,,,,,,,,,,,,,,,,,,,,,,,,,,,,,,,,,,,,,,,,,,,,,,,,,,,,,,,,,,,,,,,,,,,,,,,,,,,,,,,,,,,,,,,,,,,,,,,,,,,,,,,,,,,,,,,,,,,,,,,,,,,,,,,,,,,,,,,,,,,,,,,,,,,,,,,,,,,,,,,,,,,,,,,,,,,,,,,,,,,,,,,,,,,,,,,,
Structure du Capital,Company structure,,,,,Structure du Capital//Company structure,,,,,,,,,,,,,,,,,,,,,,,,,,,,,,,,,,,,,,,,,,,,,,,,,,,,,,,,,,,,,,,,,,,,,,,,,,,,,,,,,,,,,,,,,,,,,,,,,,,,,,,,,,,,,,,,,,,,,,,,,,,,,,,,,,,,,,,,,,,,,,,,,,,,,,,,,,,,,,,,,,,,,,,,,,,,,,,,,,,,,,,,,,,,,,,,,,,,,,,,,,,,,,,,,,,,,,,,,,,,,,,,,,,,,,,,,,,,,,,,,,,,,,,,,
"Société(s) mère(s) ou affiliée(s) hors du pays, si diffèrent de celle(s) notée(s) ci-dessus; et leurs sièges sociales ","Parent companies or affilates outside of the country, if different from the above mentioned; and their corporate headquarters",,,,,"Société(s) mère(s) ou affiliée(s) hors du pays, si diffèrent de celle(s) notée(s) ci-dessus; et leurs sièges sociales //Parent companies or affilates outside of the country, if different from the above mentioned; and their corporate headquarters",,,,,,,,,,,,,,,,,,,,,,,,,,,,,,,,,,,,,,,,,,,,,,,,,,,,,,,,,,,,,,,,,,,,,,,,,,,,,,,,,,,,,,,,,,,,,,,,,,,,,,,,,,,,,,,,,,,,,,,,,,,,,,,,,,,,,,,,,,,,,,,,,,,,,,,,,,,,,,,,,,,,,,,,,,,,,,,,,,,,,,,,,,,,,,,,,,,,,,,,,,,,,,,,,,,,,,,,,,,,,,,,,,,,,,,,,,,,,,,,,,,,,,,,,
Site web de l’entreprise,Company website,,,,,Site web de l’entreprise//Company website,,,,,,,,,,,,,,,,,,,,,,,,,,,,,,,,,,,,,,,,,,,,,,,,,,,,,,,,,,,,,,,,,,,,,,,,,,,,,,,,,,,,,,,,,,,,,,,,,,,,,,,,,,,,,,,,,,,,,,,,,,,,,,,,,,,,,,,,,,,,,,,,,,,,,,,,,,,,,,,,,,,,,,,,,,,,,,,,,,,,,,,,,,,,,,,,,,,,,,,,,,,,,,,,,,,,,,,,,,,,,,,,,,,,,,,,,,,,,,,,,,,,,,,,,
"Type du titre associé au contrat (concession, bail, contrat de partage, contrat de service…)","Type of document / right (Concession, Lease, Production Sharing Agreement, Service Agreement, etc.)",Timber Sale Contract,,,,"Type du titre associé au contrat (concession, bail, contrat de partage, contrat de service…)//Type of document / right (Concession, Lease, Production Sharing Agreement, Service Agreement, etc.)",Timber Sale Contract,,,,,,,,,,,,,,,,,,,,,,,,,,,,,,,,,,,,,,,,,,,,,,,,,,,,,,,,,,,,,,,,,,,,,,,,,,,,,,,,,,,,,,,,,,,,,,,,,,,,,,,,,,,,,,,,,,,,,,,,,,,,,,,,,,,,,,,,,,,,,,,,,,,,,,,,,,,,,,,,,,,,,,,,,,,,,,,,,,,,,,,,,,,,,,,,,,,,,,,,,,,,,,,,,,,,,,,,,,,,,,,,,,,,,,,,,,,,,,,,,,,,,,,,
Nom du projet,Project title,,,,,Nom du projet//Project title,,,,,,,,,,,,,,,,,,,,,,,,,,,,,,,,,,,,,,,,,,,,,,,,,,,,,,,,,,,,,,,,,,,,,,,,,,,,,,,,,,,,,,,,,,,,,,,,,,,,,,,,,,,,,,,,,,,,,,,,,,,,,,,,,,,,,,,,,,,,,,,,,,,,,,,,,,,,,,,,,,,,,,,,,,,,,,,,,,,,,,,,,,,,,,,,,,,,,,,,,,,,,,,,,,,,,,,,,,,,,,,,,,,,,,,,,,,,,,,,,,,,,,,,,
Nom du gisement/ champ de pétrole/ gas,"Name and/or number of field, block or deposit",Area A3,Art. A1,7 (middle),,"Nom du gisement/ champ de pétrole/ gas//Name and/or number of field, block or deposit",Area A3--Art. A1,,,,,,,,,,,,,,,,,,,,,,,,,,,,,,,,,,,,,,,,,,,,,,,,,,,,,,,,,,,,,,,,,,,,,,,,,,,,,,,,,,,,,,,,,,,,,,,,,,,,,,,,,,,,,,,,,,,,,,,,,,,,,,,,,,,,,,,,,,,,,,,,,,,,,,,,,,,,,,,,,,,,,,,,,,,,,,,,,,,,,,,,,,,,,,,,,,,,,,,,,,,,,,,,,,,,,,,,,,,,,,,,,,,,,,,,,,,,,,,,,,,,,,,,
"Emplacement, longitude et latitude / terrestre vs marin (peu profond vs. profond) ","Location, longitude and latitude /  Onshore vs Offshore (shallow vs. deep) ","Grand Bassa County, FDA Districts 1 and 2. Between Latitudes 6 16'12''- 6 20'24'' N and between Longitudes 10 6'-0'' - 10 12'0''",Art A1.,7 (middle),,"Emplacement, longitude et latitude / terrestre vs marin (peu profond vs. profond) //Location, longitude and latitude /  Onshore vs Offshore (shallow vs. deep) ","Grand Bassa County, FDA Districts 1 and 2. Between Latitudes 6 16'12''- 6 20'24'' N and between Longitudes 10 6'-0'' - 10 12'0''--Art A1.",,,,,,,,,,,,,,,,,,,,,,,,,,,,,,,,,,,,,,,,,,,,,,,,,,,,,,,,,,,,,,,,,,,,,,,,,,,,,,,,,,,,,,,,,,,,,,,,,,,,,,,,,,,,,,,,,,,,,,,,,,,,,,,,,,,,,,,,,,,,,,,,,,,,,,,,,,,,,,,,,,,,,,,,,,,,,,,,,,,,,,,,,,,,,,,,,,,,,,,,,,,,,,,,,,,,,,,,,,,,,,,,,,,,,,,,,,,,,,,,,,,,,,,,
Lieu-dit habité le plus proche,Closest community,Town of Lolobli,Art A1.,7 (Middle),,Lieu-dit habité le plus proche//Closest community,Town of Lolobli--Art A1.,,,,,,,,,,,,,,,,,,,,,,,,,,,,,,,,,,,,,,,,,,,,,,,,,,,,,,,,,,,,,,,,,,,,,,,,,,,,,,,,,,,,,,,,,,,,,,,,,,,,,,,,,,,,,,,,,,,,,,,,,,,,,,,,,,,,,,,,,,,,,,,,,,,,,,,,,,,,,,,,,,,,,,,,,,,,,,,,,,,,,,,,,,,,,,,,,,,,,,,,,,,,,,,,,,,,,,,,,,,,,,,,,,,,,,,,,,,,,,,,,,,,,,,,
Date d'octroi du permis d'exploitation ou concession,Date of issue of title/permit,,,,,Date d'octroi du permis d'exploitation ou concession//Date of issue of title/permit,,,,,,,,,,,,,,,,,,,,,,,,,,,,,,,,,,,,,,,,,,,,,,,,,,,,,,,,,,,,,,,,,,,,,,,,,,,,,,,,,,,,,,,,,,,,,,,,,,,,,,,,,,,,,,,,,,,,,,,,,,,,,,,,,,,,,,,,,,,,,,,,,,,,,,,,,,,,,,,,,,,,,,,,,,,,,,,,,,,,,,,,,,,,,,,,,,,,,,,,,,,,,,,,,,,,,,,,,,,,,,,,,,,,,,,,,,,,,,,,,,,,,,,,,
Année d'octroi du permis d'exploitation ou concession,Year of issue of title/permit,,,,,Année d'octroi du permis d'exploitation ou concession//Year of issue of title/permit,,,,,,,,,,,,,,,,,,,,,,,,,,,,,,,,,,,,,,,,,,,,,,,,,,,,,,,,,,,,,,,,,,,,,,,,,,,,,,,,,,,,,,,,,,,,,,,,,,,,,,,,,,,,,,,,,,,,,,,,,,,,,,,,,,,,,,,,,,,,,,,,,,,,,,,,,,,,,,,,,,,,,,,,,,,,,,,,,,,,,,,,,,,,,,,,,,,,,,,,,,,,,,,,,,,,,,,,,,,,,,,,,,,,,,,,,,,,,,,,,,,,,,,,,
Date de ratification,Date of ratification,,,,,Date de ratification//Date of ratification,,,,,,,,,,,,,,,,,,,,,,,,,,,,,,,,,,,,,,,,,,,,,,,,,,,,,,,,,,,,,,,,,,,,,,,,,,,,,,,,,,,,,,,,,,,,,,,,,,,,,,,,,,,,,,,,,,,,,,,,,,,,,,,,,,,,,,,,,,,,,,,,,,,,,,,,,,,,,,,,,,,,,,,,,,,,,,,,,,,,,,,,,,,,,,,,,,,,,,,,,,,,,,,,,,,,,,,,,,,,,,,,,,,,,,,,,,,,,,,,,,,,,,,,,
Investissement estimé,Estimated investment,,,,,Investissement estimé//Estimated investment,,,,,,,,,,,,,,,,,,,,,,,,,,,,,,,,,,,,,,,,,,,,,,,,,,,,,,,,,,,,,,,,,,,,,,,,,,,,,,,,,,,,,,,,,,,,,,,,,,,,,,,,,,,,,,,,,,,,,,,,,,,,,,,,,,,,,,,,,,,,,,,,,,,,,,,,,,,,,,,,,,,,,,,,,,,,,,,,,,,,,,,,,,,,,,,,,,,,,,,,,,,,,,,,,,,,,,,,,,,,,,,,,,,,,,,,,,,,,,,,,,,,,,,,,
Production attendue,Expected production,,,,,Production attendue//Expected production,,,,,,,,,,,,,,,,,,,,,,,,,,,,,,,,,,,,,,,,,,,,,,,,,,,,,,,,,,,,,,,,,,,,,,,,,,,,,,,,,,,,,,,,,,,,,,,,,,,,,,,,,,,,,,,,,,,,,,,,,,,,,,,,,,,,,,,,,,,,,,,,,,,,,,,,,,,,,,,,,,,,,,,,,,,,,,,,,,,,,,,,,,,,,,,,,,,,,,,,,,,,,,,,,,,,,,,,,,,,,,,,,,,,,,,,,,,,,,,,,,,,,,,,,
II. Résumé des dispositions du contrat,II. Summary of terms,,,,,II. Résumé des dispositions du contrat//II. Summary of terms,,,,,,,,,,,,,,,,,,,,,,,,,,,,,,,,,,,,,,,,,,,,,,,,,,,,,,,,,,,,,,,,,,,,,,,,,,,,,,,,,,,,,,,,,,,,,,,,,,,,,,,,,,,,,,,,,,,,,,,,,,,,,,,,,,,,,,,,,,,,,,,,,,,,,,,,,,,,,,,,,,,,,,,,,,,,,,,,,,,,,,,,,,,,,,,,,,,,,,,,,,,,,,,,,,,,,,,,,,,,,,,,,,,,,,,,,,,,,,,,,,,,,,,,,
1. Dispositions du base,1. Fundamental provisions,,,,,1. Dispositions du base//1. Fundamental provisions,,,,,,,,,,,,,,,,,,,,,,,,,,,,,,,,,,,,,,,,,,,,,,,,,,,,,,,,,,,,,,,,,,,,,,,,,,,,,,,,,,,,,,,,,,,,,,,,,,,,,,,,,,,,,,,,,,,,,,,,,,,,,,,,,,,,,,,,,,,,,,,,,,,,,,,,,,,,,,,,,,,,,,,,,,,,,,,,,,,,,,,,,,,,,,,,,,,,,,,,,,,,,,,,,,,,,,,,,,,,,,,,,,,,,,,,,,,,,,,,,,,,,,,,,
Nom de la société signataire du contrat et composition des actionnaires mentionnés dans le document,Name of company executing the document and composition of the shareholders,Akewa Group of Companies,,6 (top),,Nom de la société signataire du contrat et composition des actionnaires mentionnés dans le document//Name of company executing the document and composition of the shareholders,Akewa Group of Companies,,,,,,,,,,,,,,,,,,,,,,,,,,,,,,,,,,,,,,,,,,,,,,,,,,,,,,,,,,,,,,,,,,,,,,,,,,,,,,,,,,,,,,,,,,,,,,,,,,,,,,,,,,,,,,,,,,,,,,,,,,,,,,,,,,,,,,,,,,,,,,,,,,,,,,,,,,,,,,,,,,,,,,,,,,,,,,,,,,,,,,,,,,,,,,,,,,,,,,,,,,,,,,,,,,,,,,,,,,,,,,,,,,,,,,,,,,,,,,,,,,,,,,,,
"Signataire(s), société ","Signatories, company",,,,,"Signataire(s), société //Signatories, company",,,,,,,,,,,,,,,,,,,,,,,,,,,,,,,,,,,,,,,,,,,,,,,,,,,,,,,,,,,,,,,,,,,,,,,,,,,,,,,,,,,,,,,,,,,,,,,,,,,,,,,,,,,,,,,,,,,,,,,,,,,,,,,,,,,,,,,,,,,,,,,,,,,,,,,,,,,,,,,,,,,,,,,,,,,,,,,,,,,,,,,,,,,,,,,,,,,,,,,,,,,,,,,,,,,,,,,,,,,,,,,,,,,,,,,,,,,,,,,,,,,,,,,,,
"Agence de l'Etat, société nationale, ministère signataire du contrat","State agency, national company, ministry executing the document",Forestry Development Authority,,6 (top),,"Agence de l'Etat, société nationale, ministère signataire du contrat//State agency, national company, ministry executing the document",Forestry Development Authority,,,,,,,,,,,,,,,,,,,,,,,,,,,,,,,,,,,,,,,,,,,,,,,,,,,,,,,,,,,,,,,,,,,,,,,,,,,,,,,,,,,,,,,,,,,,,,,,,,,,,,,,,,,,,,,,,,,,,,,,,,,,,,,,,,,,,,,,,,,,,,,,,,,,,,,,,,,,,,,,,,,,,,,,,,,,,,,,,,,,,,,,,,,,,,,,,,,,,,,,,,,,,,,,,,,,,,,,,,,,,,,,,,,,,,,,,,,,,,,,,,,,,,,,
"Signataire(s), Etat","Signatories, State",,,,,"Signataire(s), Etat//Signatories, State",,,,,,,,,,,,,,,,,,,,,,,,,,,,,,,,,,,,,,,,,,,,,,,,,,,,,,,,,,,,,,,,,,,,,,,,,,,,,,,,,,,,,,,,,,,,,,,,,,,,,,,,,,,,,,,,,,,,,,,,,,,,,,,,,,,,,,,,,,,,,,,,,,,,,,,,,,,,,,,,,,,,,,,,,,,,,,,,,,,,,,,,,,,,,,,,,,,,,,,,,,,,,,,,,,,,,,,,,,,,,,,,,,,,,,,,,,,,,,,,,,,,,,,,,
Nom et/ou composition de la société du projet crée ou envisagée,Name and/or composition of the company created or anticipated,,,,,Nom et/ou composition de la société du projet crée ou envisagée//Name and/or composition of the company created or anticipated,,,,,,,,,,,,,,,,,,,,,,,,,,,,,,,,,,,,,,,,,,,,,,,,,,,,,,,,,,,,,,,,,,,,,,,,,,,,,,,,,,,,,,,,,,,,,,,,,,,,,,,,,,,,,,,,,,,,,,,,,,,,,,,,,,,,,,,,,,,,,,,,,,,,,,,,,,,,,,,,,,,,,,,,,,,,,,,,,,,,,,,,,,,,,,,,,,,,,,,,,,,,,,,,,,,,,,,,,,,,,,,,,,,,,,,,,,,,,,,,,,,,,,,,,
Nom de la partie tiers (si applicable),Name of third party to contract (where applicable),,,,,Nom de la partie tiers (si applicable)//Name of third party to contract (where applicable),,,,,,,,,,,,,,,,,,,,,,,,,,,,,,,,,,,,,,,,,,,,,,,,,,,,,,,,,,,,,,,,,,,,,,,,,,,,,,,,,,,,,,,,,,,,,,,,,,,,,,,,,,,,,,,,,,,,,,,,,,,,,,,,,,,,,,,,,,,,,,,,,,,,,,,,,,,,,,,,,,,,,,,,,,,,,,,,,,,,,,,,,,,,,,,,,,,,,,,,,,,,,,,,,,,,,,,,,,,,,,,,,,,,,,,,,,,,,,,,,,,,,,,,,
Date de signature du contrat,Date of contract signature,21/07/10,,2 (top),,Date de signature du contrat//Date of contract signature,21/07/10,,,,,,,,,,,,,,,,,,,,,,,,,,,,,,,,,,,,,,,,,,,,,,,,,,,,,,,,,,,,,,,,,,,,,,,,,,,,,,,,,,,,,,,,,,,,,,,,,,,,,,,,,,,,,,,,,,,,,,,,,,,,,,,,,,,,,,,,,,,,,,,,,,,,,,,,,,,,,,,,,,,,,,,,,,,,,,,,,,,,,,,,,,,,,,,,,,,,,,,,,,,,,,,,,,,,,,,,,,,,,,,,,,,,,,,,,,,,,,,,,,,,,,,,
Année de signature du contrat,Year of contract signature,2010,,2 (top),,Année de signature du contrat//Year of contract signature,2010,,,,,,,,,,,,,,,,,,,,,,,,,,,,,,,,,,,,,,,,,,,,,,,,,,,,,,,,,,,,,,,,,,,,,,,,,,,,,,,,,,,,,,,,,,,,,,,,,,,,,,,,,,,,,,,,,,,,,,,,,,,,,,,,,,,,,,,,,,,,,,,,,,,,,,,,,,,,,,,,,,,,,,,,,,,,,,,,,,,,,,,,,,,,,,,,,,,,,,,,,,,,,,,,,,,,,,,,,,,,,,,,,,,,,,,,,,,,,,,,,,,,,,,,
Durée,Term,,,,,Durée//Term,,,,,,,,,,,,,,,,,,,,,,,,,,,,,,,,,,,,,,,,,,,,,,,,,,,,,,,,,,,,,,,,,,,,,,,,,,,,,,,,,,,,,,,,,,,,,,,,,,,,,,,,,,,,,,,,,,,,,,,,,,,,,,,,,,,,,,,,,,,,,,,,,,,,,,,,,,,,,,,,,,,,,,,,,,,,,,,,,,,,,,,,,,,,,,,,,,,,,,,,,,,,,,,,,,,,,,,,,,,,,,,,,,,,,,,,,,,,,,,,,,,,,,,,,
Conditions de renouvellement,Conditions for renewal ,The contract is not renewable. Limited extensions are available for force majeure under section B.9 of the contract.,Art. B2.2,13 (middle),,Conditions de renouvellement//Conditions for renewal ,The contract is not renewable. Limited extensions are available for force majeure under section B.9 of the contract.--Art. B2.2,,,,,,,,,,,,,,,,,,,,,,,,,,,,,,,,,,,,,,,,,,,,,,,,,,,,,,,,,,,,,,,,,,,,,,,,,,,,,,,,,,,,,,,,,,,,,,,,,,,,,,,,,,,,,,,,,,,,,,,,,,,,,,,,,,,,,,,,,,,,,,,,,,,,,,,,,,,,,,,,,,,,,,,,,,,,,,,,,,,,,,,,,,,,,,,,,,,,,,,,,,,,,,,,,,,,,,,,,,,,,,,,,,,,,,,,,,,,,,,,,,,,,,,,
"Ressource(s) concernées (type de minéral, pétrole, gas, bois) ou les récoltes/denrées","Type of resources (mineral type, crude oil, gas, timber, etc.) OR specific crops planned (ex:  food crops, oil palm, etc.)",Timber (Wood),Art. B2.1,12 (middle),,"Ressource(s) concernées (type de minéral, pétrole, gas, bois) ou les récoltes/denrées//Type of resources (mineral type, crude oil, gas, timber, etc.) OR specific crops planned (ex:  food crops, oil palm, etc.)",Timber (Wood)--Art. B2.1,,,,,,,,,,,,,,,,,,,,,,,,,,,,,,,,,,,,,,,,,,,,,,,,,,,,,,,,,,,,,,,,,,,,,,,,,,,,,,,,,,,,,,,,,,,,,,,,,,,,,,,,,,,,,,,,,,,,,,,,,,,,,,,,,,,,,,,,,,,,,,,,,,,,,,,,,,,,,,,,,,,,,,,,,,,,,,,,,,,,,,,,,,,,,,,,,,,,,,,,,,,,,,,,,,,,,,,,,,,,,,,,,,,,,,,,,,,,,,,,,,,,,,,,
Superficie de la concession,Size of the concession area,"5,000 hectares",Part A,17 (top),,Superficie de la concession//Size of the concession area,"5,000 hectares--Part A",,,,,,,,,,,,,,,,,,,,,,,,,,,,,,,,,,,,,,,,,,,,,,,,,,,,,,,,,,,,,,,,,,,,,,,,,,,,,,,,,,,,,,,,,,,,,,,,,,,,,,,,,,,,,,,,,,,,,,,,,,,,,,,,,,,,,,,,,,,,,,,,,,,,,,,,,,,,,,,,,,,,,,,,,,,,,,,,,,,,,,,,,,,,,,,,,,,,,,,,,,,,,,,,,,,,,,,,,,,,,,,,,,,,,,,,,,,,,,,,,,,,,,,,
"2. Obligations à l'égard des communautés, la protection sociale et l’économie locale/régionale",2. Community and social obligations,,,,,"2. Obligations à l'égard des communautés, la protection sociale et l’économie locale/régionale//2. Community and social obligations",,,,,,,,,,,,,,,,,,,,,,,,,,,,,,,,,,,,,,,,,,,,,,,,,,,,,,,,,,,,,,,,,,,,,,,,,,,,,,,,,,,,,,,,,,,,,,,,,,,,,,,,,,,,,,,,,,,,,,,,,,,,,,,,,,,,,,,,,,,,,,,,,,,,,,,,,,,,,,,,,,,,,,,,,,,,,,,,,,,,,,,,,,,,,,,,,,,,,,,,,,,,,,,,,,,,,,,,,,,,,,,,,,,,,,,,,,,,,,,,,,,,,,,,,
Convention de développement local,Local development agreement,"Before the first annual operating season, Akewa Group of Companies shall execute the social agreements required by Forestry Development Authority Regulation 105-07.  The Forestry Development Authority shall promptly review and either attest to or reject the social agreements, in conformity with Forestry Development Authority Regulation 105-07, section 36.",Art. B3. 12,13 (bottom),,Convention de développement local//Local development agreement,"Before the first annual operating season, Akewa Group of Companies shall execute the social agreements required by Forestry Development Authority Regulation 105-07.  The Forestry Development Authority shall promptly review and either attest to or reject the social agreements, in conformity with Forestry Development Authority Regulation 105-07, section 36.--Art. B3. 12",,,,,,,,,,,,,,,,,,,,,,,,,,,,,,,,,,,,,,,,,,,,,,,,,,,,,,,,,,,,,,,,,,,,,,,,,,,,,,,,,,,,,,,,,,,,,,,,,,,,,,,,,,,,,,,,,,,,,,,,,,,,,,,,,,,,,,,,,,,,,,,,,,,,,,,,,,,,,,,,,,,,,,,,,,,,,,,,,,,,,,,,,,,,,,,,,,,,,,,,,,,,,,,,,,,,,,,,,,,,,,,,,,,,,,,,,,,,,,,,,,,,,,,,
"Protection des lieux sacrés, des ressources et du milieu de vie","Protection of sacred locations, resources and environment","Akewa Group of Companies shall identify in its annual operational plan areas requiring special measures for the protection of plants, animals and cultural resources, and the special protection measures needed to protect them. Akewa Group of Companies shall protect these areas from damage or removal during its operations.  If additional areas, resources, or species are identified before or during the term of the contract, either party shall promptly notify the other party in writing and Akewa Group of Companies shall cease operations in the affected area if it is determined there is a risk of damage to such areas, resources, or species from continued operations. Akewa Group of Companies may not fell trees or operate wheeled or track-laying equipment in any special protection area, except on approved roads, landings, tractor roads, or skid trails. Akewa Group of Companies shall immediately notify the Forestry Development Authority of a disturbance in any special protection area and shall immediately halt operations in the vicinity of the disturbance until it is authorized to continue. Akewa Group of Companies shall not facilitate the harvest of bush meat. Akewa Group of Companies shall, within the contract area, close and block all roads and skid trails so that they are no longer passable by vehicle when no longer necessary for its operations. It shall also not let any vehicle be used in connection to hunt or transport hunters or bushmeat.",Art. B6.34,28 (bottom),,"Protection des lieux sacrés, des ressources et du milieu de vie//Protection of sacred locations, resources and environment","Akewa Group of Companies shall identify in its annual operational plan areas requiring special measures for the protection of plants, animals and cultural resources, and the special protection measures needed to protect them. Akewa Group of Companies shall protect these areas from damage or removal during its operations.  If additional areas, resources, or species are identified before or during the term of the contract, either party shall promptly notify the other party in writing and Akewa Group of Companies shall cease operations in the affected area if it is determined there is a risk of damage to such areas, resources, or species from continued operations. Akewa Group of Companies may not fell trees or operate wheeled or track-laying equipment in any special protection area, except on approved roads, landings, tractor roads, or skid trails. Akewa Group of Companies shall immediately notify the Forestry Development Authority of a disturbance in any special protection area and shall immediately halt operations in the vicinity of the disturbance until it is authorized to continue. Akewa Group of Companies shall not facilitate the harvest of bush meat. Akewa Group of Companies shall, within the contract area, close and block all roads and skid trails so that they are no longer passable by vehicle when no longer necessary for its operations. It shall also not let any vehicle be used in connection to hunt or transport hunters or bushmeat.--Art. B6.34",,,,,,,,,,,,,,,,,,,,,,,,,,,,,,,,,,,,,,,,,,,,,,,,,,,,,,,,,,,,,,,,,,,,,,,,,,,,,,,,,,,,,,,,,,,,,,,,,,,,,,,,,,,,,,,,,,,,,,,,,,,,,,,,,,,,,,,,,,,,,,,,,,,,,,,,,,,,,,,,,,,,,,,,,,,,,,,,,,,,,,,,,,,,,,,,,,,,,,,,,,,,,,,,,,,,,,,,,,,,,,,,,,,,,,,,,,,,,,,,,,,,,,,,
Consultations communautaires requises,Requirements for community consultation ,,,,,Consultations communautaires requises//Requirements for community consultation ,,,,,,,,,,,,,,,,,,,,,,,,,,,,,,,,,,,,,,,,,,,,,,,,,,,,,,,,,,,,,,,,,,,,,,,,,,,,,,,,,,,,,,,,,,,,,,,,,,,,,,,,,,,,,,,,,,,,,,,,,,,,,,,,,,,,,,,,,,,,,,,,,,,,,,,,,,,,,,,,,,,,,,,,,,,,,,,,,,,,,,,,,,,,,,,,,,,,,,,,,,,,,,,,,,,,,,,,,,,,,,,,,,,,,,,,,,,,,,,,,,,,,,,,,
Obligations liées a la formation des cadres locaux,Management training requirement for nationals,Akewa Group of Companies shall adhere with all training and employment regulations required by Liberian law.,Art. B3.23,15 (top),,Obligations liées a la formation des cadres locaux//Management training requirement for nationals,Akewa Group of Companies shall adhere with all training and employment regulations required by Liberian law.--Art. B3.23,,,,,,,,,,,,,,,,,,,,,,,,,,,,,,,,,,,,,,,,,,,,,,,,,,,,,,,,,,,,,,,,,,,,,,,,,,,,,,,,,,,,,,,,,,,,,,,,,,,,,,,,,,,,,,,,,,,,,,,,,,,,,,,,,,,,,,,,,,,,,,,,,,,,,,,,,,,,,,,,,,,,,,,,,,,,,,,,,,,,,,,,,,,,,,,,,,,,,,,,,,,,,,,,,,,,,,,,,,,,,,,,,,,,,,,,,,,,,,,,,,,,,,,,
Obligations liées à l'emploi du personnel local,Local employment requirements,"Akewa Group of Companies shall give preference to competent and qualified individuals living in and near the contract area, and particularly to individuals from  communities benefitting from Akewa Group of Companies' social agreements. Akewa Group of Companies shall not import unskilled labor from outside Liberia and shall comply with all training and employment obligations required by law or regulation.",Art. B3.23,15 (top),,Obligations liées à l'emploi du personnel local//Local employment requirements,"Akewa Group of Companies shall give preference to competent and qualified individuals living in and near the contract area, and particularly to individuals from  communities benefitting from Akewa Group of Companies' social agreements. Akewa Group of Companies shall not import unskilled labor from outside Liberia and shall comply with all training and employment obligations required by law or regulation.--Art. B3.23",,,,,,,,,,,,,,,,,,,,,,,,,,,,,,,,,,,,,,,,,,,,,,,,,,,,,,,,,,,,,,,,,,,,,,,,,,,,,,,,,,,,,,,,,,,,,,,,,,,,,,,,,,,,,,,,,,,,,,,,,,,,,,,,,,,,,,,,,,,,,,,,,,,,,,,,,,,,,,,,,,,,,,,,,,,,,,,,,,,,,,,,,,,,,,,,,,,,,,,,,,,,,,,,,,,,,,,,,,,,,,,,,,,,,,,,,,,,,,,,,,,,,,,,
Obligations liées a l'approvisionnement en biens et services locaux,Local procurement requirements,,,,,Obligations liées a l'approvisionnement en biens et services locaux//Local procurement requirements,,,,,,,,,,,,,,,,,,,,,,,,,,,,,,,,,,,,,,,,,,,,,,,,,,,,,,,,,,,,,,,,,,,,,,,,,,,,,,,,,,,,,,,,,,,,,,,,,,,,,,,,,,,,,,,,,,,,,,,,,,,,,,,,,,,,,,,,,,,,,,,,,,,,,,,,,,,,,,,,,,,,,,,,,,,,,,,,,,,,,,,,,,,,,,,,,,,,,,,,,,,,,,,,,,,,,,,,,,,,,,,,,,,,,,,,,,,,,,,,,,,,,,,,,
Assurance,Insurance,,,,,Assurance//Insurance,,,,,,,,,,,,,,,,,,,,,,,,,,,,,,,,,,,,,,,,,,,,,,,,,,,,,,,,,,,,,,,,,,,,,,,,,,,,,,,,,,,,,,,,,,,,,,,,,,,,,,,,,,,,,,,,,,,,,,,,,,,,,,,,,,,,,,,,,,,,,,,,,,,,,,,,,,,,,,,,,,,,,,,,,,,,,,,,,,,,,,,,,,,,,,,,,,,,,,,,,,,,,,,,,,,,,,,,,,,,,,,,,,,,,,,,,,,,,,,,,,,,,,,,,
Réinstallation des habitants,Resettlement,,,,,Réinstallation des habitants//Resettlement,,,,,,,,,,,,,,,,,,,,,,,,,,,,,,,,,,,,,,,,,,,,,,,,,,,,,,,,,,,,,,,,,,,,,,,,,,,,,,,,,,,,,,,,,,,,,,,,,,,,,,,,,,,,,,,,,,,,,,,,,,,,,,,,,,,,,,,,,,,,,,,,,,,,,,,,,,,,,,,,,,,,,,,,,,,,,,,,,,,,,,,,,,,,,,,,,,,,,,,,,,,,,,,,,,,,,,,,,,,,,,,,,,,,,,,,,,,,,,,,,,,,,,,,,
"Programme de sous-traitance  avec les petits planteurs (détails, des terres supplémentaires fournis, etc)","Outgrowers Program (details, additional land provided, etc)",,,,,"Programme de sous-traitance  avec les petits planteurs (détails, des terres supplémentaires fournis, etc)//Outgrowers Program (details, additional land provided, etc)",,,,,,,,,,,,,,,,,,,,,,,,,,,,,,,,,,,,,,,,,,,,,,,,,,,,,,,,,,,,,,,,,,,,,,,,,,,,,,,,,,,,,,,,,,,,,,,,,,,,,,,,,,,,,,,,,,,,,,,,,,,,,,,,,,,,,,,,,,,,,,,,,,,,,,,,,,,,,,,,,,,,,,,,,,,,,,,,,,,,,,,,,,,,,,,,,,,,,,,,,,,,,,,,,,,,,,,,,,,,,,,,,,,,,,,,,,,,,,,,,,,,,,,,,
"Obligations concernant les travailleurs ou les habitants dans ou près des concessions en ce qui concerne la santé et la sécurité au travail, l'accès à l'eau potable, le logement, les soins médicaux ou l'éducation","Requirements regarding workers or farm/concession dwellers within concession areas or in nearby communities in respect of occupational health and safety, access to clean water, housing, medical care, or education",,,,,"Obligations concernant les travailleurs ou les habitants dans ou près des concessions en ce qui concerne la santé et la sécurité au travail, l'accès à l'eau potable, le logement, les soins médicaux ou l'éducation//Requirements regarding workers or farm/concession dwellers within concession areas or in nearby communities in respect of occupational health and safety, access to clean water, housing, medical care, or education",,,,,,,,,,,,,,,,,,,,,,,,,,,,,,,,,,,,,,,,,,,,,,,,,,,,,,,,,,,,,,,,,,,,,,,,,,,,,,,,,,,,,,,,,,,,,,,,,,,,,,,,,,,,,,,,,,,,,,,,,,,,,,,,,,,,,,,,,,,,,,,,,,,,,,,,,,,,,,,,,,,,,,,,,,,,,,,,,,,,,,,,,,,,,,,,,,,,,,,,,,,,,,,,,,,,,,,,,,,,,,,,,,,,,,,,,,,,,,,,,,,,,,,,,
"La sécurité physique, la protection de la propriété, et / ou l'utilisation des gardes","Physical security, protection of property, and/or use of guards","Akewa Group of Companies shall use all reasonable means to prevent encroachment by unauthorized persons, but shall not employ or in any way use armed security guards",Art. B6. 31,28 (top),,"La sécurité physique, la protection de la propriété, et / ou l'utilisation des gardes//Physical security, protection of property, and/or use of guards","Akewa Group of Companies shall use all reasonable means to prevent encroachment by unauthorized persons, but shall not employ or in any way use armed security guards--Art. B6. 31",,,,,,,,,,,,,,,,,,,,,,,,,,,,,,,,,,,,,,,,,,,,,,,,,,,,,,,,,,,,,,,,,,,,,,,,,,,,,,,,,,,,,,,,,,,,,,,,,,,,,,,,,,,,,,,,,,,,,,,,,,,,,,,,,,,,,,,,,,,,,,,,,,,,,,,,,,,,,,,,,,,,,,,,,,,,,,,,,,,,,,,,,,,,,,,,,,,,,,,,,,,,,,,,,,,,,,,,,,,,,,,,,,,,,,,,,,,,,,,,,,,,,,,,
Mécanismes de réclamation pour les parties non contractantes,Grievance mechanisms for non-contractual harms to non-contracting parties,,,,,Mécanismes de réclamation pour les parties non contractantes//Grievance mechanisms for non-contractual harms to non-contracting parties,,,,,,,,,,,,,,,,,,,,,,,,,,,,,,,,,,,,,,,,,,,,,,,,,,,,,,,,,,,,,,,,,,,,,,,,,,,,,,,,,,,,,,,,,,,,,,,,,,,,,,,,,,,,,,,,,,,,,,,,,,,,,,,,,,,,,,,,,,,,,,,,,,,,,,,,,,,,,,,,,,,,,,,,,,,,,,,,,,,,,,,,,,,,,,,,,,,,,,,,,,,,,,,,,,,,,,,,,,,,,,,,,,,,,,,,,,,,,,,,,,,,,,,,,
Droits d'accès/utilisation à la zone de concession pour les parties non contractantes qui utilisaient la terre au préalable (y compris l'agriculture indépendante autorisée dans la zone de concession),Rights of non-contracting parties to access/use concession area (including permitted independent farming in concession area) ,"Akewa Group of Companies shall allow the Government and public to use any roads constructed and/or maintained by Akewa Group of Companies, to have access over the contract area, and to use communication lines developed by Akewa Group of Companies, provided it does not amount to encroachment or unduly prejudice or interfere with Akewa Group of Companies' operations. In addition, Akewa Group of Companies shall allow the Government to construct roads, highways, railways, telegraph and telephone lines, and other facilities within the contract area, so long as they do not unreasonably interfere with Akewa Group of Companies' activities and the government provides fair compensation for damage caused, including property damage and economic losses.",Art B4.23,18 (bottom),,Droits d'accès/utilisation à la zone de concession pour les parties non contractantes qui utilisaient la terre au préalable (y compris l'agriculture indépendante autorisée dans la zone de concession)//Rights of non-contracting parties to access/use concession area (including permitted independent farming in concession area) ,"Akewa Group of Companies shall allow the Government and public to use any roads constructed and/or maintained by Akewa Group of Companies, to have access over the contract area, and to use communication lines developed by Akewa Group of Companies, provided it does not amount to encroachment or unduly prejudice or interfere with Akewa Group of Companies' operations. In addition, Akewa Group of Companies shall allow the Government to construct roads, highways, railways, telegraph and telephone lines, and other facilities within the contract area, so long as they do not unreasonably interfere with Akewa Group of Companies' activities and the government provides fair compensation for damage caused, including property damage and economic losses.--Art B4.23",,,,,,,,,,,,,,,,,,,,,,,,,,,,,,,,,,,,,,,,,,,,,,,,,,,,,,,,,,,,,,,,,,,,,,,,,,,,,,,,,,,,,,,,,,,,,,,,,,,,,,,,,,,,,,,,,,,,,,,,,,,,,,,,,,,,,,,,,,,,,,,,,,,,,,,,,,,,,,,,,,,,,,,,,,,,,,,,,,,,,,,,,,,,,,,,,,,,,,,,,,,,,,,,,,,,,,,,,,,,,,,,,,,,,,,,,,,,,,,,,,,,,,,,
Autre - [le nom de catégorie],Other - [Name of Category],,,,,Autre - [le nom de catégorie]//Other - [Name of Category],,,,,,,,,,,,,,,,,,,,,,,,,,,,,,,,,,,,,,,,,,,,,,,,,,,,,,,,,,,,,,,,,,,,,,,,,,,,,,,,,,,,,,,,,,,,,,,,,,,,,,,,,,,,,,,,,,,,,,,,,,,,,,,,,,,,,,,,,,,,,,,,,,,,,,,,,,,,,,,,,,,,,,,,,,,,,,,,,,,,,,,,,,,,,,,,,,,,,,,,,,,,,,,,,,,,,,,,,,,,,,,,,,,,,,,,,,,,,,,,,,,,,,,,,
3. Obligations financières du détenteur du titre,3. Developer's financial obligations,,,,,3. Obligations financières du détenteur du titre//3. Developer's financial obligations,,,,,,,,,,,,,,,,,,,,,,,,,,,,,,,,,,,,,,,,,,,,,,,,,,,,,,,,,,,,,,,,,,,,,,,,,,,,,,,,,,,,,,,,,,,,,,,,,,,,,,,,,,,,,,,,,,,,,,,,,,,,,,,,,,,,,,,,,,,,,,,,,,,,,,,,,,,,,,,,,,,,,,,,,,,,,,,,,,,,,,,,,,,,,,,,,,,,,,,,,,,,,,,,,,,,,,,,,,,,,,,,,,,,,,,,,,,,,,,,,,,,,,,,,
Taxe minière / redevance,Mining tax / royalty tax,"Stumpage fees: Akewa Group of Companies shall pay log stumpage fees to the Government in the amounts and at the times established by Part II of Forestry Development Authority Regulation 107-07. The parties will use the methods set out in sections 26 and 27 of Forestry Development Authority Regulation 108-07, establishing a chain of custody system, to determine volumes and grades. Akewa Group of Companies shall prevent logs from being processed or exported before it has paid the log stumpage fees. Akewa Group of Companies must pay forest product fees to the Government in the amounts and at the times established by part IV of Forestry Development Authority Regulation 107-07.","Arts. B8.12, B8.14",32 (middle),,Taxe minière / redevance//Mining tax / royalty tax,"Stumpage fees: Akewa Group of Companies shall pay log stumpage fees to the Government in the amounts and at the times established by Part II of Forestry Development Authority Regulation 107-07. The parties will use the methods set out in sections 26 and 27 of Forestry Development Authority Regulation 108-07, establishing a chain of custody system, to determine volumes and grades. Akewa Group of Companies shall prevent logs from being processed or exported before it has paid the log stumpage fees. Akewa Group of Companies must pay forest product fees to the Government in the amounts and at the times established by part IV of Forestry Development Authority Regulation 107-07.--Arts. B8.12, B8.14",,,,,,,,,,,,,,,,,,,,,,,,,,,,,,,,,,,,,,,,,,,,,,,,,,,,,,,,,,,,,,,,,,,,,,,,,,,,,,,,,,,,,,,,,,,,,,,,,,,,,,,,,,,,,,,,,,,,,,,,,,,,,,,,,,,,,,,,,,,,,,,,,,,,,,,,,,,,,,,,,,,,,,,,,,,,,,,,,,,,,,,,,,,,,,,,,,,,,,,,,,,,,,,,,,,,,,,,,,,,,,,,,,,,,,,,,,,,,,,,,,,,,,,,
Impôt sur les bénéfices: taux,Income tax: rate,,,,,Impôt sur les bénéfices: taux//Income tax: rate,,,,,,,,,,,,,,,,,,,,,,,,,,,,,,,,,,,,,,,,,,,,,,,,,,,,,,,,,,,,,,,,,,,,,,,,,,,,,,,,,,,,,,,,,,,,,,,,,,,,,,,,,,,,,,,,,,,,,,,,,,,,,,,,,,,,,,,,,,,,,,,,,,,,,,,,,,,,,,,,,,,,,,,,,,,,,,,,,,,,,,,,,,,,,,,,,,,,,,,,,,,,,,,,,,,,,,,,,,,,,,,,,,,,,,,,,,,,,,,,,,,,,,,,,
Impôt sur les bénéfices: exonération,Income tax: exemptions,,,,,Impôt sur les bénéfices: exonération//Income tax: exemptions,,,,,,,,,,,,,,,,,,,,,,,,,,,,,,,,,,,,,,,,,,,,,,,,,,,,,,,,,,,,,,,,,,,,,,,,,,,,,,,,,,,,,,,,,,,,,,,,,,,,,,,,,,,,,,,,,,,,,,,,,,,,,,,,,,,,,,,,,,,,,,,,,,,,,,,,,,,,,,,,,,,,,,,,,,,,,,,,,,,,,,,,,,,,,,,,,,,,,,,,,,,,,,,,,,,,,,,,,,,,,,,,,,,,,,,,,,,,,,,,,,,,,,,,,
"Autre aspects de l'impôt sur les bénéfices: (l’amortissement, déductibilité des frais financiers, report des pertes, cloisonnement)","Other income tax features (amortization, deductibility of expenses, loss carry forward, ring-fencing)",,,,,"Autre aspects de l'impôt sur les bénéfices: (l’amortissement, déductibilité des frais financiers, report des pertes, cloisonnement)//Other income tax features (amortization, deductibility of expenses, loss carry forward, ring-fencing)",,,,,,,,,,,,,,,,,,,,,,,,,,,,,,,,,,,,,,,,,,,,,,,,,,,,,,,,,,,,,,,,,,,,,,,,,,,,,,,,,,,,,,,,,,,,,,,,,,,,,,,,,,,,,,,,,,,,,,,,,,,,,,,,,,,,,,,,,,,,,,,,,,,,,,,,,,,,,,,,,,,,,,,,,,,,,,,,,,,,,,,,,,,,,,,,,,,,,,,,,,,,,,,,,,,,,,,,,,,,,,,,,,,,,,,,,,,,,,,,,,,,,,,,,
"Partage de production - Eléments de ""Cost Oil"" (base de calcul, limites sur le recouvrement des coûts, e.g. comme % des revenues ou de la production, crédit d'investissement, etc.)","Production Share - ""Cost Oil"" features  (basis of calculation, limits on cost recovery - e.g. as % of revenue or production, capex uplift, etc.)",,,,,"Partage de production - Eléments de ""Cost Oil"" (base de calcul, limites sur le recouvrement des coûts, e.g. comme % des revenues ou de la production, crédit d'investissement, etc.)//Production Share - ""Cost Oil"" features  (basis of calculation, limits on cost recovery - e.g. as % of revenue or production, capex uplift, etc.)",,,,,,,,,,,,,,,,,,,,,,,,,,,,,,,,,,,,,,,,,,,,,,,,,,,,,,,,,,,,,,,,,,,,,,,,,,,,,,,,,,,,,,,,,,,,,,,,,,,,,,,,,,,,,,,,,,,,,,,,,,,,,,,,,,,,,,,,,,,,,,,,,,,,,,,,,,,,,,,,,,,,,,,,,,,,,,,,,,,,,,,,,,,,,,,,,,,,,,,,,,,,,,,,,,,,,,,,,,,,,,,,,,,,,,,,,,,,,,,,,,,,,,,,,
"Partage de production - Eléments de ""Profit Oil"" (critères pour la modification du partage, - TRI, facteur ""r"", niveau de production, etc.)","Production Share - ""Profit Oil"" features  (triggers for variations in split - IRR, ""r"" factor, production, etc.)",,,,,"Partage de production - Eléments de ""Profit Oil"" (critères pour la modification du partage, - TRI, facteur ""r"", niveau de production, etc.)//Production Share - ""Profit Oil"" features  (triggers for variations in split - IRR, ""r"" factor, production, etc.)",,,,,,,,,,,,,,,,,,,,,,,,,,,,,,,,,,,,,,,,,,,,,,,,,,,,,,,,,,,,,,,,,,,,,,,,,,,,,,,,,,,,,,,,,,,,,,,,,,,,,,,,,,,,,,,,,,,,,,,,,,,,,,,,,,,,,,,,,,,,,,,,,,,,,,,,,,,,,,,,,,,,,,,,,,,,,,,,,,,,,,,,,,,,,,,,,,,,,,,,,,,,,,,,,,,,,,,,,,,,,,,,,,,,,,,,,,,,,,,,,,,,,,,,,
Contrat de Service - Frais du détenteur du titre défrayés  (base de calcul),Service Agreement - Fee to developer / contractor (basis for calculation),,,,,Contrat de Service - Frais du détenteur du titre défrayés  (base de calcul)//Service Agreement - Fee to developer / contractor (basis for calculation),,,,,,,,,,,,,,,,,,,,,,,,,,,,,,,,,,,,,,,,,,,,,,,,,,,,,,,,,,,,,,,,,,,,,,,,,,,,,,,,,,,,,,,,,,,,,,,,,,,,,,,,,,,,,,,,,,,,,,,,,,,,,,,,,,,,,,,,,,,,,,,,,,,,,,,,,,,,,,,,,,,,,,,,,,,,,,,,,,,,,,,,,,,,,,,,,,,,,,,,,,,,,,,,,,,,,,,,,,,,,,,,,,,,,,,,,,,,,,,,,,,,,,,,,
Impôt sur les Revenus des Valeurs Mobilières (IRVM),Capital gains tax,,,,,Impôt sur les Revenus des Valeurs Mobilières (IRVM)//Capital gains tax,,,,,,,,,,,,,,,,,,,,,,,,,,,,,,,,,,,,,,,,,,,,,,,,,,,,,,,,,,,,,,,,,,,,,,,,,,,,,,,,,,,,,,,,,,,,,,,,,,,,,,,,,,,,,,,,,,,,,,,,,,,,,,,,,,,,,,,,,,,,,,,,,,,,,,,,,,,,,,,,,,,,,,,,,,,,,,,,,,,,,,,,,,,,,,,,,,,,,,,,,,,,,,,,,,,,,,,,,,,,,,,,,,,,,,,,,,,,,,,,,,,,,,,,,
Retenue à la source sur les intérêts et/ou dividendes,Withholding tax on payment of interest and/or dividends,,,,,Retenue à la source sur les intérêts et/ou dividendes//Withholding tax on payment of interest and/or dividends,,,,,,,,,,,,,,,,,,,,,,,,,,,,,,,,,,,,,,,,,,,,,,,,,,,,,,,,,,,,,,,,,,,,,,,,,,,,,,,,,,,,,,,,,,,,,,,,,,,,,,,,,,,,,,,,,,,,,,,,,,,,,,,,,,,,,,,,,,,,,,,,,,,,,,,,,,,,,,,,,,,,,,,,,,,,,,,,,,,,,,,,,,,,,,,,,,,,,,,,,,,,,,,,,,,,,,,,,,,,,,,,,,,,,,,,,,,,,,,,,,,,,,,,,
Retenue à la source sur les salaires des nationaux,Witholding tax on national salaries,,,,,Retenue à la source sur les salaires des nationaux//Witholding tax on national salaries,,,,,,,,,,,,,,,,,,,,,,,,,,,,,,,,,,,,,,,,,,,,,,,,,,,,,,,,,,,,,,,,,,,,,,,,,,,,,,,,,,,,,,,,,,,,,,,,,,,,,,,,,,,,,,,,,,,,,,,,,,,,,,,,,,,,,,,,,,,,,,,,,,,,,,,,,,,,,,,,,,,,,,,,,,,,,,,,,,,,,,,,,,,,,,,,,,,,,,,,,,,,,,,,,,,,,,,,,,,,,,,,,,,,,,,,,,,,,,,,,,,,,,,,,
Retenue à la source sur les salaires des expatriés,Witholding tax on expatriate salaries,,,,,Retenue à la source sur les salaires des expatriés//Witholding tax on expatriate salaries,,,,,,,,,,,,,,,,,,,,,,,,,,,,,,,,,,,,,,,,,,,,,,,,,,,,,,,,,,,,,,,,,,,,,,,,,,,,,,,,,,,,,,,,,,,,,,,,,,,,,,,,,,,,,,,,,,,,,,,,,,,,,,,,,,,,,,,,,,,,,,,,,,,,,,,,,,,,,,,,,,,,,,,,,,,,,,,,,,,,,,,,,,,,,,,,,,,,,,,,,,,,,,,,,,,,,,,,,,,,,,,,,,,,,,,,,,,,,,,,,,,,,,,,,
Retenue à la source sur les prestations de service par des entreprises non résidentes,Witholding tax on services of non-resident companies,,,,,Retenue à la source sur les prestations de service par des entreprises non résidentes//Witholding tax on services of non-resident companies,,,,,,,,,,,,,,,,,,,,,,,,,,,,,,,,,,,,,,,,,,,,,,,,,,,,,,,,,,,,,,,,,,,,,,,,,,,,,,,,,,,,,,,,,,,,,,,,,,,,,,,,,,,,,,,,,,,,,,,,,,,,,,,,,,,,,,,,,,,,,,,,,,,,,,,,,,,,,,,,,,,,,,,,,,,,,,,,,,,,,,,,,,,,,,,,,,,,,,,,,,,,,,,,,,,,,,,,,,,,,,,,,,,,,,,,,,,,,,,,,,,,,,,,,
Retenue à la source sur les loyers des immeubles,Witholding tax on rent,,,,,Retenue à la source sur les loyers des immeubles//Witholding tax on rent,,,,,,,,,,,,,,,,,,,,,,,,,,,,,,,,,,,,,,,,,,,,,,,,,,,,,,,,,,,,,,,,,,,,,,,,,,,,,,,,,,,,,,,,,,,,,,,,,,,,,,,,,,,,,,,,,,,,,,,,,,,,,,,,,,,,,,,,,,,,,,,,,,,,,,,,,,,,,,,,,,,,,,,,,,,,,,,,,,,,,,,,,,,,,,,,,,,,,,,,,,,,,,,,,,,,,,,,,,,,,,,,,,,,,,,,,,,,,,,,,,,,,,,,,
Déductibilité des frais financiers,Deductibility of expenses,,,,,Déductibilité des frais financiers//Deductibility of expenses,,,,,,,,,,,,,,,,,,,,,,,,,,,,,,,,,,,,,,,,,,,,,,,,,,,,,,,,,,,,,,,,,,,,,,,,,,,,,,,,,,,,,,,,,,,,,,,,,,,,,,,,,,,,,,,,,,,,,,,,,,,,,,,,,,,,,,,,,,,,,,,,,,,,,,,,,,,,,,,,,,,,,,,,,,,,,,,,,,,,,,,,,,,,,,,,,,,,,,,,,,,,,,,,,,,,,,,,,,,,,,,,,,,,,,,,,,,,,,,,,,,,,,,,,
Méthode d’évaluation de prix ,Method for evaluating price,,,,,Méthode d’évaluation de prix //Method for evaluating price,,,,,,,,,,,,,,,,,,,,,,,,,,,,,,,,,,,,,,,,,,,,,,,,,,,,,,,,,,,,,,,,,,,,,,,,,,,,,,,,,,,,,,,,,,,,,,,,,,,,,,,,,,,,,,,,,,,,,,,,,,,,,,,,,,,,,,,,,,,,,,,,,,,,,,,,,,,,,,,,,,,,,,,,,,,,,,,,,,,,,,,,,,,,,,,,,,,,,,,,,,,,,,,,,,,,,,,,,,,,,,,,,,,,,,,,,,,,,,,,,,,,,,,,,
Provision pour la reconstitution des gisements,Provisions for renewing reserves,,,,,Provision pour la reconstitution des gisements//Provisions for renewing reserves,,,,,,,,,,,,,,,,,,,,,,,,,,,,,,,,,,,,,,,,,,,,,,,,,,,,,,,,,,,,,,,,,,,,,,,,,,,,,,,,,,,,,,,,,,,,,,,,,,,,,,,,,,,,,,,,,,,,,,,,,,,,,,,,,,,,,,,,,,,,,,,,,,,,,,,,,,,,,,,,,,,,,,,,,,,,,,,,,,,,,,,,,,,,,,,,,,,,,,,,,,,,,,,,,,,,,,,,,,,,,,,,,,,,,,,,,,,,,,,,,,,,,,,,,
Crédit d'investissement,Investment credit,,,,,Crédit d'investissement//Investment credit,,,,,,,,,,,,,,,,,,,,,,,,,,,,,,,,,,,,,,,,,,,,,,,,,,,,,,,,,,,,,,,,,,,,,,,,,,,,,,,,,,,,,,,,,,,,,,,,,,,,,,,,,,,,,,,,,,,,,,,,,,,,,,,,,,,,,,,,,,,,,,,,,,,,,,,,,,,,,,,,,,,,,,,,,,,,,,,,,,,,,,,,,,,,,,,,,,,,,,,,,,,,,,,,,,,,,,,,,,,,,,,,,,,,,,,,,,,,,,,,,,,,,,,,,
Droits de douane en phase de recherche,Custom duties during exploration phase,,,,,Droits de douane en phase de recherche//Custom duties during exploration phase,,,,,,,,,,,,,,,,,,,,,,,,,,,,,,,,,,,,,,,,,,,,,,,,,,,,,,,,,,,,,,,,,,,,,,,,,,,,,,,,,,,,,,,,,,,,,,,,,,,,,,,,,,,,,,,,,,,,,,,,,,,,,,,,,,,,,,,,,,,,,,,,,,,,,,,,,,,,,,,,,,,,,,,,,,,,,,,,,,,,,,,,,,,,,,,,,,,,,,,,,,,,,,,,,,,,,,,,,,,,,,,,,,,,,,,,,,,,,,,,,,,,,,,,,
Droits de douane en phase de construction,Custom duties during construction phase,,,,,Droits de douane en phase de construction//Custom duties during construction phase,,,,,,,,,,,,,,,,,,,,,,,,,,,,,,,,,,,,,,,,,,,,,,,,,,,,,,,,,,,,,,,,,,,,,,,,,,,,,,,,,,,,,,,,,,,,,,,,,,,,,,,,,,,,,,,,,,,,,,,,,,,,,,,,,,,,,,,,,,,,,,,,,,,,,,,,,,,,,,,,,,,,,,,,,,,,,,,,,,,,,,,,,,,,,,,,,,,,,,,,,,,,,,,,,,,,,,,,,,,,,,,,,,,,,,,,,,,,,,,,,,,,,,,,,
Droits de douane en phase d'exploitation,Custum duties during operation phase,,,,,Droits de douane en phase d'exploitation//Custum duties during operation phase,,,,,,,,,,,,,,,,,,,,,,,,,,,,,,,,,,,,,,,,,,,,,,,,,,,,,,,,,,,,,,,,,,,,,,,,,,,,,,,,,,,,,,,,,,,,,,,,,,,,,,,,,,,,,,,,,,,,,,,,,,,,,,,,,,,,,,,,,,,,,,,,,,,,,,,,,,,,,,,,,,,,,,,,,,,,,,,,,,,,,,,,,,,,,,,,,,,,,,,,,,,,,,,,,,,,,,,,,,,,,,,,,,,,,,,,,,,,,,,,,,,,,,,,,
Droits de douane pour le matériel de traitement,Custom duties on processing equipment,,,,,Droits de douane pour le matériel de traitement//Custom duties on processing equipment,,,,,,,,,,,,,,,,,,,,,,,,,,,,,,,,,,,,,,,,,,,,,,,,,,,,,,,,,,,,,,,,,,,,,,,,,,,,,,,,,,,,,,,,,,,,,,,,,,,,,,,,,,,,,,,,,,,,,,,,,,,,,,,,,,,,,,,,,,,,,,,,,,,,,,,,,,,,,,,,,,,,,,,,,,,,,,,,,,,,,,,,,,,,,,,,,,,,,,,,,,,,,,,,,,,,,,,,,,,,,,,,,,,,,,,,,,,,,,,,,,,,,,,,,
Droits de douane pour le matériel de transformation,Custom duties on transformation equipment,,,,,Droits de douane pour le matériel de transformation//Custom duties on transformation equipment,,,,,,,,,,,,,,,,,,,,,,,,,,,,,,,,,,,,,,,,,,,,,,,,,,,,,,,,,,,,,,,,,,,,,,,,,,,,,,,,,,,,,,,,,,,,,,,,,,,,,,,,,,,,,,,,,,,,,,,,,,,,,,,,,,,,,,,,,,,,,,,,,,,,,,,,,,,,,,,,,,,,,,,,,,,,,,,,,,,,,,,,,,,,,,,,,,,,,,,,,,,,,,,,,,,,,,,,,,,,,,,,,,,,,,,,,,,,,,,,,,,,,,,,,
Droits de douane pour le matériel de transport,Custom duties on transportation equipment,,,,,Droits de douane pour le matériel de transport//Custom duties on transportation equipment,,,,,,,,,,,,,,,,,,,,,,,,,,,,,,,,,,,,,,,,,,,,,,,,,,,,,,,,,,,,,,,,,,,,,,,,,,,,,,,,,,,,,,,,,,,,,,,,,,,,,,,,,,,,,,,,,,,,,,,,,,,,,,,,,,,,,,,,,,,,,,,,,,,,,,,,,,,,,,,,,,,,,,,,,,,,,,,,,,,,,,,,,,,,,,,,,,,,,,,,,,,,,,,,,,,,,,,,,,,,,,,,,,,,,,,,,,,,,,,,,,,,,,,,,
TVA,VAT,,,,,TVA//VAT,,,,,,,,,,,,,,,,,,,,,,,,,,,,,,,,,,,,,,,,,,,,,,,,,,,,,,,,,,,,,,,,,,,,,,,,,,,,,,,,,,,,,,,,,,,,,,,,,,,,,,,,,,,,,,,,,,,,,,,,,,,,,,,,,,,,,,,,,,,,,,,,,,,,,,,,,,,,,,,,,,,,,,,,,,,,,,,,,,,,,,,,,,,,,,,,,,,,,,,,,,,,,,,,,,,,,,,,,,,,,,,,,,,,,,,,,,,,,,,,,,,,,,,,,
Droits fixes d'octroi et de renouvellement des permis,Fixed fee for grant and renewal of license  ,,,,,Droits fixes d'octroi et de renouvellement des permis//Fixed fee for grant and renewal of license  ,,,,,,,,,,,,,,,,,,,,,,,,,,,,,,,,,,,,,,,,,,,,,,,,,,,,,,,,,,,,,,,,,,,,,,,,,,,,,,,,,,,,,,,,,,,,,,,,,,,,,,,,,,,,,,,,,,,,,,,,,,,,,,,,,,,,,,,,,,,,,,,,,,,,,,,,,,,,,,,,,,,,,,,,,,,,,,,,,,,,,,,,,,,,,,,,,,,,,,,,,,,,,,,,,,,,,,,,,,,,,,,,,,,,,,,,,,,,,,,,,,,,,,,,,
Part patronale des cotisations de sécurité sociale,Social security contributions by employer,,,,,Part patronale des cotisations de sécurité sociale//Social security contributions by employer,,,,,,,,,,,,,,,,,,,,,,,,,,,,,,,,,,,,,,,,,,,,,,,,,,,,,,,,,,,,,,,,,,,,,,,,,,,,,,,,,,,,,,,,,,,,,,,,,,,,,,,,,,,,,,,,,,,,,,,,,,,,,,,,,,,,,,,,,,,,,,,,,,,,,,,,,,,,,,,,,,,,,,,,,,,,,,,,,,,,,,,,,,,,,,,,,,,,,,,,,,,,,,,,,,,,,,,,,,,,,,,,,,,,,,,,,,,,,,,,,,,,,,,,,
Redevances superficiaires,Surface fees,"Akewa Group of Companies shall make annual land rental bid payments and pay annual land rental fees to the Government. Land rental bid payments are annual payments based on the bid provided in the bid opening ceremony multiplied by the surface area in hectares of the contract area. The Forestry Development Authority shall increase the payment if required due to negotiations under section B4.12 of the contract. Land rental fees include an annual contract administration fee, an annual area fee, and an annual coupe inspection fee as required under sections 32, 33, 34 of Forestry Development Authority Regulation 107-07.","Arts. B8.11, B8.13","32 (top), 32 (bottom)",,Redevances superficiaires//Surface fees,"Akewa Group of Companies shall make annual land rental bid payments and pay annual land rental fees to the Government. Land rental bid payments are annual payments based on the bid provided in the bid opening ceremony multiplied by the surface area in hectares of the contract area. The Forestry Development Authority shall increase the payment if required due to negotiations under section B4.12 of the contract. Land rental fees include an annual contract administration fee, an annual area fee, and an annual coupe inspection fee as required under sections 32, 33, 34 of Forestry Development Authority Regulation 107-07.--Arts. B8.11, B8.13",,,,,,,,,,,,,,,,,,,,,,,,,,,,,,,,,,,,,,,,,,,,,,,,,,,,,,,,,,,,,,,,,,,,,,,,,,,,,,,,,,,,,,,,,,,,,,,,,,,,,,,,,,,,,,,,,,,,,,,,,,,,,,,,,,,,,,,,,,,,,,,,,,,,,,,,,,,,,,,,,,,,,,,,,,,,,,,,,,,,,,,,,,,,,,,,,,,,,,,,,,,,,,,,,,,,,,,,,,,,,,,,,,,,,,,,,,,,,,,,,,,,,,,,
Obligations communautaires ou sous-nationales,Community and regional obligations,,,,,Obligations communautaires ou sous-nationales//Community and regional obligations,,,,,,,,,,,,,,,,,,,,,,,,,,,,,,,,,,,,,,,,,,,,,,,,,,,,,,,,,,,,,,,,,,,,,,,,,,,,,,,,,,,,,,,,,,,,,,,,,,,,,,,,,,,,,,,,,,,,,,,,,,,,,,,,,,,,,,,,,,,,,,,,,,,,,,,,,,,,,,,,,,,,,,,,,,,,,,,,,,,,,,,,,,,,,,,,,,,,,,,,,,,,,,,,,,,,,,,,,,,,,,,,,,,,,,,,,,,,,,,,,,,,,,,,,
Crédits de carbone,Carbon credits,,,,,Crédits de carbone//Carbon credits,,,,,,,,,,,,,,,,,,,,,,,,,,,,,,,,,,,,,,,,,,,,,,,,,,,,,,,,,,,,,,,,,,,,,,,,,,,,,,,,,,,,,,,,,,,,,,,,,,,,,,,,,,,,,,,,,,,,,,,,,,,,,,,,,,,,,,,,,,,,,,,,,,,,,,,,,,,,,,,,,,,,,,,,,,,,,,,,,,,,,,,,,,,,,,,,,,,,,,,,,,,,,,,,,,,,,,,,,,,,,,,,,,,,,,,,,,,,,,,,,,,,,,,,,
Primes,Bonuses,,,,,Primes//Bonuses,,,,,,,,,,,,,,,,,,,,,,,,,,,,,,,,,,,,,,,,,,,,,,,,,,,,,,,,,,,,,,,,,,,,,,,,,,,,,,,,,,,,,,,,,,,,,,,,,,,,,,,,,,,,,,,,,,,,,,,,,,,,,,,,,,,,,,,,,,,,,,,,,,,,,,,,,,,,,,,,,,,,,,,,,,,,,,,,,,,,,,,,,,,,,,,,,,,,,,,,,,,,,,,,,,,,,,,,,,,,,,,,,,,,,,,,,,,,,,,,,,,,,,,,,
Participation de l'Etat,State participation,,,,,Participation de l'Etat//State participation,,,,,,,,,,,,,,,,,,,,,,,,,,,,,,,,,,,,,,,,,,,,,,,,,,,,,,,,,,,,,,,,,,,,,,,,,,,,,,,,,,,,,,,,,,,,,,,,,,,,,,,,,,,,,,,,,,,,,,,,,,,,,,,,,,,,,,,,,,,,,,,,,,,,,,,,,,,,,,,,,,,,,,,,,,,,,,,,,,,,,,,,,,,,,,,,,,,,,,,,,,,,,,,,,,,,,,,,,,,,,,,,,,,,,,,,,,,,,,,,,,,,,,,,,
Exonérations non-précisées ailleurs,Other exemptions,,,,,Exonérations non-précisées ailleurs//Other exemptions,,,,,,,,,,,,,,,,,,,,,,,,,,,,,,,,,,,,,,,,,,,,,,,,,,,,,,,,,,,,,,,,,,,,,,,,,,,,,,,,,,,,,,,,,,,,,,,,,,,,,,,,,,,,,,,,,,,,,,,,,,,,,,,,,,,,,,,,,,,,,,,,,,,,,,,,,,,,,,,,,,,,,,,,,,,,,,,,,,,,,,,,,,,,,,,,,,,,,,,,,,,,,,,,,,,,,,,,,,,,,,,,,,,,,,,,,,,,,,,,,,,,,,,,,
Modes d'audit à l'égard des obligations financières du détenteur du titre,Audit mechanisms - financial obligations,,,,,Modes d'audit à l'égard des obligations financières du détenteur du titre//Audit mechanisms - financial obligations,,,,,,,,,,,,,,,,,,,,,,,,,,,,,,,,,,,,,,,,,,,,,,,,,,,,,,,,,,,,,,,,,,,,,,,,,,,,,,,,,,,,,,,,,,,,,,,,,,,,,,,,,,,,,,,,,,,,,,,,,,,,,,,,,,,,,,,,,,,,,,,,,,,,,,,,,,,,,,,,,,,,,,,,,,,,,,,,,,,,,,,,,,,,,,,,,,,,,,,,,,,,,,,,,,,,,,,,,,,,,,,,,,,,,,,,,,,,,,,,,,,,,,,,,
Restrictions sur les transactions avec les parties liées,Restrictions on transactions with affiliated parties,,,,,Restrictions sur les transactions avec les parties liées//Restrictions on transactions with affiliated parties,,,,,,,,,,,,,,,,,,,,,,,,,,,,,,,,,,,,,,,,,,,,,,,,,,,,,,,,,,,,,,,,,,,,,,,,,,,,,,,,,,,,,,,,,,,,,,,,,,,,,,,,,,,,,,,,,,,,,,,,,,,,,,,,,,,,,,,,,,,,,,,,,,,,,,,,,,,,,,,,,,,,,,,,,,,,,,,,,,,,,,,,,,,,,,,,,,,,,,,,,,,,,,,,,,,,,,,,,,,,,,,,,,,,,,,,,,,,,,,,,,,,,,,,,
Autre - [le nom de catégorie],Other - [Name of Category],,,,,Autre - [le nom de catégorie]//Other - [Name of Category],,,,,,,,,,,,,,,,,,,,,,,,,,,,,,,,,,,,,,,,,,,,,,,,,,,,,,,,,,,,,,,,,,,,,,,,,,,,,,,,,,,,,,,,,,,,,,,,,,,,,,,,,,,,,,,,,,,,,,,,,,,,,,,,,,,,,,,,,,,,,,,,,,,,,,,,,,,,,,,,,,,,,,,,,,,,,,,,,,,,,,,,,,,,,,,,,,,,,,,,,,,,,,,,,,,,,,,,,,,,,,,,,,,,,,,,,,,,,,,,,,,,,,,,,
4. Dispositions environnementales ,4. Environmental provisions,,,,,4. Dispositions environnementales //4. Environmental provisions,,,,,,,,,,,,,,,,,,,,,,,,,,,,,,,,,,,,,,,,,,,,,,,,,,,,,,,,,,,,,,,,,,,,,,,,,,,,,,,,,,,,,,,,,,,,,,,,,,,,,,,,,,,,,,,,,,,,,,,,,,,,,,,,,,,,,,,,,,,,,,,,,,,,,,,,,,,,,,,,,,,,,,,,,,,,,,,,,,,,,,,,,,,,,,,,,,,,,,,,,,,,,,,,,,,,,,,,,,,,,,,,,,,,,,,,,,,,,,,,,,,,,,,,,
"Etude d'impact social, environnemental ou des droits humains, et les plans de gestion des risques","Social, environmental and/or human rights impact assessments, as well as related management plans",Akewa Group of Companies  shall conduct operations in a manner that promotes the sustainable development of forest resources and environmental protection for the common good of the people of Liberia,Art B3.3,15 (top),,"Etude d'impact social, environnemental ou des droits humains, et les plans de gestion des risques//Social, environmental and/or human rights impact assessments, as well as related management plans",Akewa Group of Companies  shall conduct operations in a manner that promotes the sustainable development of forest resources and environmental protection for the common good of the people of Liberia--Art B3.3,,,,,,,,,,,,,,,,,,,,,,,,,,,,,,,,,,,,,,,,,,,,,,,,,,,,,,,,,,,,,,,,,,,,,,,,,,,,,,,,,,,,,,,,,,,,,,,,,,,,,,,,,,,,,,,,,,,,,,,,,,,,,,,,,,,,,,,,,,,,,,,,,,,,,,,,,,,,,,,,,,,,,,,,,,,,,,,,,,,,,,,,,,,,,,,,,,,,,,,,,,,,,,,,,,,,,,,,,,,,,,,,,,,,,,,,,,,,,,,,,,,,,,,,
Mode et fréquence de suivi des risques sociaux (y compris enfreinte aux droits de l'homme) ou environnementaux,"Social, environmental and/or human rights monitoring requirements","Akewa Group of Companies shall comply with the requirements contain in the Liberian code of forest harvesting practices for protection of plants, animals and cultural resources. ",Article B6.34, 28 (bottom)- 29 (top),,"Mode et fréquence de suivi des risques sociaux (y compris enfreinte aux droits de l'homme) ou environnementaux//Social, environmental and/or human rights monitoring requirements","Akewa Group of Companies shall comply with the requirements contain in the Liberian code of forest harvesting practices for protection of plants, animals and cultural resources. --Article B6.34",,,,,,,,,,,,,,,,,,,,,,,,,,,,,,,,,,,,,,,,,,,,,,,,,,,,,,,,,,,,,,,,,,,,,,,,,,,,,,,,,,,,,,,,,,,,,,,,,,,,,,,,,,,,,,,,,,,,,,,,,,,,,,,,,,,,,,,,,,,,,,,,,,,,,,,,,,,,,,,,,,,,,,,,,,,,,,,,,,,,,,,,,,,,,,,,,,,,,,,,,,,,,,,,,,,,,,,,,,,,,,,,,,,,,,,,,,,,,,,,,,,,,,,,
"Droit de prendre ou d'utiliser l'eau dans la zone de concession (ou à coté) (y compris les tarifs, licences, et permis)","Right to take and/or use water within/near contract concession area (including fees, licenses, and permits required)","With written governmental approval and subject to conditions imposed by the government or the social agreement, Akewa may use free of charge any water found within the contract area and any water within the public domain within 5 kilometers of the contract area for purposes of its operations under the contract, provided that Akewa does not deprive any lands, tribes, villages, towns, houses, or watering places for animals of a reasonable supply of water in so far as such water has, through custom, been used. Nor shall Akewa interfere with the rights of water enjoyed by any persons under the Land and Native Right Ordinance. Akewa shall ensure that its use of water in no way results in environmental damage or creates other hazards.",Art B4.3,19 (middle),,"Droit de prendre ou d'utiliser l'eau dans la zone de concession (ou à coté) (y compris les tarifs, licences, et permis)//Right to take and/or use water within/near contract concession area (including fees, licenses, and permits required)","With written governmental approval and subject to conditions imposed by the government or the social agreement, Akewa may use free of charge any water found within the contract area and any water within the public domain within 5 kilometers of the contract area for purposes of its operations under the contract, provided that Akewa does not deprive any lands, tribes, villages, towns, houses, or watering places for animals of a reasonable supply of water in so far as such water has, through custom, been used. Nor shall Akewa interfere with the rights of water enjoyed by any persons under the Land and Native Right Ordinance. Akewa shall ensure that its use of water in no way results in environmental damage or creates other hazards.--Art B4.3",,,,,,,,,,,,,,,,,,,,,,,,,,,,,,,,,,,,,,,,,,,,,,,,,,,,,,,,,,,,,,,,,,,,,,,,,,,,,,,,,,,,,,,,,,,,,,,,,,,,,,,,,,,,,,,,,,,,,,,,,,,,,,,,,,,,,,,,,,,,,,,,,,,,,,,,,,,,,,,,,,,,,,,,,,,,,,,,,,,,,,,,,,,,,,,,,,,,,,,,,,,,,,,,,,,,,,,,,,,,,,,,,,,,,,,,,,,,,,,,,,,,,,,,
Les autres obligations pour la protection de l'environnement (y compris la prévention de la pollution et la protection des cours d'eau),Other requirements regarding protection of the environment (including prevention of pollution and watercourse protection),"Protection of environment and contract area: Akewa Group of Companies shall conduct all operations and activities using only environmentally sound forest harvesting practices that conform to: i) the forest management guidelines; ii) the Liberia code of forest harvesting practices; and iii) internationally accepted, scientific principles and practices applicable to forest operations and timber processing. Akewa Group of Companies shall conduct all operations and activities so as to avoid waste and loss of natural resources and to protect natural resources from damage, as well as to prevent pollution and contamination of the environment. Akewa Group of Companies shall conduct all operations and activities so as to prevent polluting the surrounding environment. Watercourse protection: Akewa Group of Companies shall comply with all requirements for watercourse protection contained in the Liberia code of forest harvesting practices. Prevention of Pollution: Akewa Group of Companies shall provide for the proper disposal of sawdust, mill, and other wastes so as to prevent pollution or contamination to the environment or to rivers, streams, and other waterways, and to prevent such wastes from becoming a nuisance or injurious to persons or property. Akewa Group of Companies shall take all reasonable precautions to prevent pollution of air, soil, and water by its operations. Akewa Group of Companies shall not service tractors, trucks, or other equipment where servicing is likely to result in pollution to soil or water. Akewa Group of Companies shall furnish oil-absorbing mats under all stationary equipment or equipment being serviced to prevent leaking of petroleum-based products from contaminating soil and water resources. Akewa Group of Companies shall remove and dispose of all contaminated soil, vegetation, debris, vehicle oil filters drained of free-flowing oil, batteries, oily rags, and waste oil resulting from use, servicing, repair, or abandonment of equipment. If Akewa Group of Companies' operations result in pollution to soil or water, Akewa Group of Companies shall conduct a cleanup and restoration of the polluted site to the satisfaction of the Forestry Development Authority. If Akewa Group of Companies maintains storage facilities for oil or oil products in the contract area, it shall take appropriate preventive measures to ensure that any spill of oil or oil products does not enter any stream or other waters. If the total oil or oil products storage exceeds 5,000 liters, Akewa Group of Companies shall prepare a spill prevention control and counter measures plan. Akewa Group of Companies must notify the Forestry Development Authority and appropriate agencies of all spills of oil, oil products, or hazardous substances on or in the vicinity of the contract area. Akewa Group of Companies shall take whatever action may be safely accomplished to contain all spills.","Arts. B6.3, B6.36,  B6.38","27 (bottom), 28 (top), 29 (bottom), 30 (top)",,Les autres obligations pour la protection de l'environnement (y compris la prévention de la pollution et la protection des cours d'eau)//Other requirements regarding protection of the environment (including prevention of pollution and watercourse protection),"Protection of environment and contract area: Akewa Group of Companies shall conduct all operations and activities using only environmentally sound forest harvesting practices that conform to: i) the forest management guidelines; ii) the Liberia code of forest harvesting practices; and iii) internationally accepted, scientific principles and practices applicable to forest operations and timber processing. Akewa Group of Companies shall conduct all operations and activities so as to avoid waste and loss of natural resources and to protect natural resources from damage, as well as to prevent pollution and contamination of the environment. Akewa Group of Companies shall conduct all operations and activities so as to prevent polluting the surrounding environment. Watercourse protection: Akewa Group of Companies shall comply with all requirements for watercourse protection contained in the Liberia code of forest harvesting practices. Prevention of Pollution: Akewa Group of Companies shall provide for the proper disposal of sawdust, mill, and other wastes so as to prevent pollution or contamination to the environment or to rivers, streams, and other waterways, and to prevent such wastes from becoming a nuisance or injurious to persons or property. Akewa Group of Companies shall take all reasonable precautions to prevent pollution of air, soil, and water by its operations. Akewa Group of Companies shall not service tractors, trucks, or other equipment where servicing is likely to result in pollution to soil or water. Akewa Group of Companies shall furnish oil-absorbing mats under all stationary equipment or equipment being serviced to prevent leaking of petroleum-based products from contaminating soil and water resources. Akewa Group of Companies shall remove and dispose of all contaminated soil, vegetation, debris, vehicle oil filters drained of free-flowing oil, batteries, oily rags, and waste oil resulting from use, servicing, repair, or abandonment of equipment. If Akewa Group of Companies' operations result in pollution to soil or water, Akewa Group of Companies shall conduct a cleanup and restoration of the polluted site to the satisfaction of the Forestry Development Authority. If Akewa Group of Companies maintains storage facilities for oil or oil products in the contract area, it shall take appropriate preventive measures to ensure that any spill of oil or oil products does not enter any stream or other waters. If the total oil or oil products storage exceeds 5,000 liters, Akewa Group of Companies shall prepare a spill prevention control and counter measures plan. Akewa Group of Companies must notify the Forestry Development Authority and appropriate agencies of all spills of oil, oil products, or hazardous substances on or in the vicinity of the contract area. Akewa Group of Companies shall take whatever action may be safely accomplished to contain all spills.--Arts. B6.3, B6.36,  B6.38",,,,,,,,,,,,,,,,,,,,,,,,,,,,,,,,,,,,,,,,,,,,,,,,,,,,,,,,,,,,,,,,,,,,,,,,,,,,,,,,,,,,,,,,,,,,,,,,,,,,,,,,,,,,,,,,,,,,,,,,,,,,,,,,,,,,,,,,,,,,,,,,,,,,,,,,,,,,,,,,,,,,,,,,,,,,,,,,,,,,,,,,,,,,,,,,,,,,,,,,,,,,,,,,,,,,,,,,,,,,,,,,,,,,,,,,,,,,,,,,,,,,,,,,
Autre - [le nom de catégorie],Other - [Name of Category],,,,,Autre - [le nom de catégorie]//Other - [Name of Category],,,,,,,,,,,,,,,,,,,,,,,,,,,,,,,,,,,,,,,,,,,,,,,,,,,,,,,,,,,,,,,,,,,,,,,,,,,,,,,,,,,,,,,,,,,,,,,,,,,,,,,,,,,,,,,,,,,,,,,,,,,,,,,,,,,,,,,,,,,,,,,,,,,,,,,,,,,,,,,,,,,,,,,,,,,,,,,,,,,,,,,,,,,,,,,,,,,,,,,,,,,,,,,,,,,,,,,,,,,,,,,,,,,,,,,,,,,,,,,,,,,,,,,,,
,"Use of Gravel, Clay, and Stone","Subject to the written approval of the Government, the terms of the social agreement, and such conditions as the Government may impose, Akewa Group of Companies may use, free of charge, gravel, sand, clay, and stone found within the public land on the contract area for purposes necessary or useful to Akewa Group of Companies' operations and activities under this contract. Such material may not be sold. Upon completion of use or termination of the contract, any excavation shall be restored by Akewa Group of Companies, as far as may be reasonably practical, to its original condition and, if required by the Government, fenced or otherwise safe-guarded. ",Art. B4.4,19 (bottom),,"//Use of Gravel, Clay, and Stone","Subject to the written approval of the Government, the terms of the social agreement, and such conditions as the Government may impose, Akewa Group of Companies may use, free of charge, gravel, sand, clay, and stone found within the public land on the contract area for purposes necessary or useful to Akewa Group of Companies' operations and activities under this contract. Such material may not be sold. Upon completion of use or termination of the contract, any excavation shall be restored by Akewa Group of Companies, as far as may be reasonably practical, to its original condition and, if required by the Government, fenced or otherwise safe-guarded. --Art. B4.4",,,,,,,,,,,,,,,,,,,,,,,,,,,,,,,,,,,,,,,,,,,,,,,,,,,,,,,,,,,,,,,,,,,,,,,,,,,,,,,,,,,,,,,,,,,,,,,,,,,,,,,,,,,,,,,,,,,,,,,,,,,,,,,,,,,,,,,,,,,,,,,,,,,,,,,,,,,,,,,,,,,,,,,,,,,,,,,,,,,,,,,,,,,,,,,,,,,,,,,,,,,,,,,,,,,,,,,,,,,,,,,,,,,,,,,,,,,,,,,,,,,,,,,,
5. Dispositions relatives aux opérations et à l’infrastructure,5. Operational provisions,,,,,5. Dispositions relatives aux opérations et à l’infrastructure//5. Operational provisions,,,,,,,,,,,,,,,,,,,,,,,,,,,,,,,,,,,,,,,,,,,,,,,,,,,,,,,,,,,,,,,,,,,,,,,,,,,,,,,,,,,,,,,,,,,,,,,,,,,,,,,,,,,,,,,,,,,,,,,,,,,,,,,,,,,,,,,,,,,,,,,,,,,,,,,,,,,,,,,,,,,,,,,,,,,,,,,,,,,,,,,,,,,,,,,,,,,,,,,,,,,,,,,,,,,,,,,,,,,,,,,,,,,,,,,,,,,,,,,,,,,,,,,,,
L'étude de faisabilité et le plan d'affaires,Feasibility studies and requirement of business plan,"As part of its forest management plan, Akewa Group of Companies must include an up-to-date business plan demonstrating, to Forestry Development Authority's satisfaction, that Akewa Group of Companies has the technical and financial capacity to manage the contract area sustainably. The business plan must conform to Forestry Development Authority's guidelines for forest management planning.","Arts. B3.13, B6.11","14 (top), 24 (middle)",,L'étude de faisabilité et le plan d'affaires//Feasibility studies and requirement of business plan,"As part of its forest management plan, Akewa Group of Companies must include an up-to-date business plan demonstrating, to Forestry Development Authority's satisfaction, that Akewa Group of Companies has the technical and financial capacity to manage the contract area sustainably. The business plan must conform to Forestry Development Authority's guidelines for forest management planning.--Arts. B3.13, B6.11",,,,,,,,,,,,,,,,,,,,,,,,,,,,,,,,,,,,,,,,,,,,,,,,,,,,,,,,,,,,,,,,,,,,,,,,,,,,,,,,,,,,,,,,,,,,,,,,,,,,,,,,,,,,,,,,,,,,,,,,,,,,,,,,,,,,,,,,,,,,,,,,,,,,,,,,,,,,,,,,,,,,,,,,,,,,,,,,,,,,,,,,,,,,,,,,,,,,,,,,,,,,,,,,,,,,,,,,,,,,,,,,,,,,,,,,,,,,,,,,,,,,,,,,
"Obligations de travaux, d'investissements",Work and investment commitments,,,,,"Obligations de travaux, d'investissements//Work and investment commitments",,,,,,,,,,,,,,,,,,,,,,,,,,,,,,,,,,,,,,,,,,,,,,,,,,,,,,,,,,,,,,,,,,,,,,,,,,,,,,,,,,,,,,,,,,,,,,,,,,,,,,,,,,,,,,,,,,,,,,,,,,,,,,,,,,,,,,,,,,,,,,,,,,,,,,,,,,,,,,,,,,,,,,,,,,,,,,,,,,,,,,,,,,,,,,,,,,,,,,,,,,,,,,,,,,,,,,,,,,,,,,,,,,,,,,,,,,,,,,,,,,,,,,,,,
Rétrocession,Transfer of risk,,,,,Rétrocession//Transfer of risk,,,,,,,,,,,,,,,,,,,,,,,,,,,,,,,,,,,,,,,,,,,,,,,,,,,,,,,,,,,,,,,,,,,,,,,,,,,,,,,,,,,,,,,,,,,,,,,,,,,,,,,,,,,,,,,,,,,,,,,,,,,,,,,,,,,,,,,,,,,,,,,,,,,,,,,,,,,,,,,,,,,,,,,,,,,,,,,,,,,,,,,,,,,,,,,,,,,,,,,,,,,,,,,,,,,,,,,,,,,,,,,,,,,,,,,,,,,,,,,,,,,,,,,,,
Construction et entretien d'infrastructure,Construction and maintenance of infrastructure,"Akewa Group of Companies shall  ensure that all infrastructure installed complies with the Liberia code of forest harvesting practices and other applicable laws, and is designed, constructed and maintained to avoid unreasonable risk to safety, health, welfare, and the environment. The Forestry Development Authority will perform an inspection of a completed installation within 15 days of Akewa Group of Companies’ request. Akewa Group of Companies shall request approval for any significant land-disturbing activity like construction or major maintenance.",Art. B6.18,26 (middle),,Construction et entretien d'infrastructure//Construction and maintenance of infrastructure,"Akewa Group of Companies shall  ensure that all infrastructure installed complies with the Liberia code of forest harvesting practices and other applicable laws, and is designed, constructed and maintained to avoid unreasonable risk to safety, health, welfare, and the environment. The Forestry Development Authority will perform an inspection of a completed installation within 15 days of Akewa Group of Companies’ request. Akewa Group of Companies shall request approval for any significant land-disturbing activity like construction or major maintenance.--Art. B6.18",,,,,,,,,,,,,,,,,,,,,,,,,,,,,,,,,,,,,,,,,,,,,,,,,,,,,,,,,,,,,,,,,,,,,,,,,,,,,,,,,,,,,,,,,,,,,,,,,,,,,,,,,,,,,,,,,,,,,,,,,,,,,,,,,,,,,,,,,,,,,,,,,,,,,,,,,,,,,,,,,,,,,,,,,,,,,,,,,,,,,,,,,,,,,,,,,,,,,,,,,,,,,,,,,,,,,,,,,,,,,,,,,,,,,,,,,,,,,,,,,,,,,,,,
Commercialisation et accès gouvernemental à la production ,Marketing of output and state access to output,,,,,Commercialisation et accès gouvernemental à la production //Marketing of output and state access to output,,,,,,,,,,,,,,,,,,,,,,,,,,,,,,,,,,,,,,,,,,,,,,,,,,,,,,,,,,,,,,,,,,,,,,,,,,,,,,,,,,,,,,,,,,,,,,,,,,,,,,,,,,,,,,,,,,,,,,,,,,,,,,,,,,,,,,,,,,,,,,,,,,,,,,,,,,,,,,,,,,,,,,,,,,,,,,,,,,,,,,,,,,,,,,,,,,,,,,,,,,,,,,,,,,,,,,,,,,,,,,,,,,,,,,,,,,,,,,,,,,,,,,,,,
Utilisation d’infrastructure par les tiers,Third party use of infrastructure,,,,,Utilisation d’infrastructure par les tiers//Third party use of infrastructure,,,,,,,,,,,,,,,,,,,,,,,,,,,,,,,,,,,,,,,,,,,,,,,,,,,,,,,,,,,,,,,,,,,,,,,,,,,,,,,,,,,,,,,,,,,,,,,,,,,,,,,,,,,,,,,,,,,,,,,,,,,,,,,,,,,,,,,,,,,,,,,,,,,,,,,,,,,,,,,,,,,,,,,,,,,,,,,,,,,,,,,,,,,,,,,,,,,,,,,,,,,,,,,,,,,,,,,,,,,,,,,,,,,,,,,,,,,,,,,,,,,,,,,,,
Financement d’infrastructure,Financing of infrastructure,,,,,Financement d’infrastructure//Financing of infrastructure,,,,,,,,,,,,,,,,,,,,,,,,,,,,,,,,,,,,,,,,,,,,,,,,,,,,,,,,,,,,,,,,,,,,,,,,,,,,,,,,,,,,,,,,,,,,,,,,,,,,,,,,,,,,,,,,,,,,,,,,,,,,,,,,,,,,,,,,,,,,,,,,,,,,,,,,,,,,,,,,,,,,,,,,,,,,,,,,,,,,,,,,,,,,,,,,,,,,,,,,,,,,,,,,,,,,,,,,,,,,,,,,,,,,,,,,,,,,,,,,,,,,,,,,,
Propriété d’infrastructure,Ownership of infrastructure,All infrastructures revert to the Government upon termination of the contract. Akewa Group of Companies shall leave such facilities in a maintained and safe running order.,Art. B4.24,19 (middle),,Propriété d’infrastructure//Ownership of infrastructure,All infrastructures revert to the Government upon termination of the contract. Akewa Group of Companies shall leave such facilities in a maintained and safe running order.--Art. B4.24,,,,,,,,,,,,,,,,,,,,,,,,,,,,,,,,,,,,,,,,,,,,,,,,,,,,,,,,,,,,,,,,,,,,,,,,,,,,,,,,,,,,,,,,,,,,,,,,,,,,,,,,,,,,,,,,,,,,,,,,,,,,,,,,,,,,,,,,,,,,,,,,,,,,,,,,,,,,,,,,,,,,,,,,,,,,,,,,,,,,,,,,,,,,,,,,,,,,,,,,,,,,,,,,,,,,,,,,,,,,,,,,,,,,,,,,,,,,,,,,,,,,,,,,
Modes d'audit à l'égard des dispositions opérationnelles,Audit mechanisms - operational obligations,"The Forestry Development Authority shall convene an ad hoc contract audit committee to promptly complete an annual contract audit. The Government  reserves the right to allow unscheduled third party and civil society monitoring of Akewa Group of Companies' contract operations, with access to all financial records, management plans, and annual operational plans to facilitate monitoring activities, though any civil society monitoring organization cannot publish confidential business information protected by law without written consent from Akewa Group of Companies.","Arts. B10.31, B10.32","41 (top), 41 (middle)",,Modes d'audit à l'égard des dispositions opérationnelles//Audit mechanisms - operational obligations,"The Forestry Development Authority shall convene an ad hoc contract audit committee to promptly complete an annual contract audit. The Government  reserves the right to allow unscheduled third party and civil society monitoring of Akewa Group of Companies' contract operations, with access to all financial records, management plans, and annual operational plans to facilitate monitoring activities, though any civil society monitoring organization cannot publish confidential business information protected by law without written consent from Akewa Group of Companies.--Arts. B10.31, B10.32",,,,,,,,,,,,,,,,,,,,,,,,,,,,,,,,,,,,,,,,,,,,,,,,,,,,,,,,,,,,,,,,,,,,,,,,,,,,,,,,,,,,,,,,,,,,,,,,,,,,,,,,,,,,,,,,,,,,,,,,,,,,,,,,,,,,,,,,,,,,,,,,,,,,,,,,,,,,,,,,,,,,,,,,,,,,,,,,,,,,,,,,,,,,,,,,,,,,,,,,,,,,,,,,,,,,,,,,,,,,,,,,,,,,,,,,,,,,,,,,,,,,,,,,
Activité de beneficiation/ valeur ajoutée,Value addition/downstream activities,,,,,Activité de beneficiation/ valeur ajoutée//Value addition/downstream activities,,,,,,,,,,,,,,,,,,,,,,,,,,,,,,,,,,,,,,,,,,,,,,,,,,,,,,,,,,,,,,,,,,,,,,,,,,,,,,,,,,,,,,,,,,,,,,,,,,,,,,,,,,,,,,,,,,,,,,,,,,,,,,,,,,,,,,,,,,,,,,,,,,,,,,,,,,,,,,,,,,,,,,,,,,,,,,,,,,,,,,,,,,,,,,,,,,,,,,,,,,,,,,,,,,,,,,,,,,,,,,,,,,,,,,,,,,,,,,,,,,,,,,,,,
Autorisation pour utiliser les terres publique ou privées à l'extérieur de la zone de concession,Contracting party's permitted use of public or private land outside concession area,"Use of public lands outside contract area: Akewa Group of Companies shall not use public land otuside the contract area, unless Akewa Group of Companies has express, written permission from the Forestry Development Authority. Before requesting permission, Akewa Group of Companies shall consult with all potentially affected communities that are party to social agreements with Akewa Group of Companies. Akewa Group of Companies shall make a written record of the time, place, and general content of these consultations. Akewa Group of Companies' requests to the Forestry Development Authority to use such public lands must be in writing. For convenience, Akewa Group of Companies may make such requests in its annual operational plan. If made in this manner, these requests may be expressly and clearly identified as requests to use public land outside the contract area. The Forestry Development Authority shall approve or deny such requests as part of its review of the annual operational plan. It may deny the request while approving the remainder of the plan. The Forestry Development Authority shall not unreasonably deny permission to use such land. The Forestry Development Authority and Akewa Group of Companies shall negotiate the terms and conditions under which an easement or other use rights may be exercised. If Akewa Group of Companies occupies lands, the terms shall include payment of area fees and an amount for land rental at the land rental bid rate. The right to use such land does not extend to the right to harvest timber, unless the timber is taken to clear land for a right-of-way or yarding area. Use of private lands: Akewa Group of Companies may use private land with the express, written permission of the land owner. If Akewa Group of Companies is unable to obtain the permission of the land owner for such use, then use is limited to rights of way, and any compensation is governed by chapter 11 of the National Forestry Reform Law of 2006 and Forestry Development Authority Regulation 110-07. With or without permission of the land owner: i) Akewa Group of Companies shall not seek a use, lease, right-of-way, or easement that substantially interferes with the operations of another previously issued forest management contract or timber sale contract; and ii) Akewa Group of Companies shall not interfere with any good faith exercise of third-party rights to timber or forest products, including customary rights, without permission of the third party. For the avoidance of doubt, section B3.46 (Indemnificaton and Liability) of the contract applies to any claims against the Government for Akewa Group of Companies' damage to or use of private lands. In acting under the contract, even if done with Forestry Development Authority's knowledge and consent, Akewa Group of Companies does not act as Forestry Development Authority's agent. ","Arts. B4.12, B4.13","16 (bottom), 17 (top)",,Autorisation pour utiliser les terres publique ou privées à l'extérieur de la zone de concession//Contracting party's permitted use of public or private land outside concession area,"Use of public lands outside contract area: Akewa Group of Companies shall not use public land otuside the contract area, unless Akewa Group of Companies has express, written permission from the Forestry Development Authority. Before requesting permission, Akewa Group of Companies shall consult with all potentially affected communities that are party to social agreements with Akewa Group of Companies. Akewa Group of Companies shall make a written record of the time, place, and general content of these consultations. Akewa Group of Companies' requests to the Forestry Development Authority to use such public lands must be in writing. For convenience, Akewa Group of Companies may make such requests in its annual operational plan. If made in this manner, these requests may be expressly and clearly identified as requests to use public land outside the contract area. The Forestry Development Authority shall approve or deny such requests as part of its review of the annual operational plan. It may deny the request while approving the remainder of the plan. The Forestry Development Authority shall not unreasonably deny permission to use such land. The Forestry Development Authority and Akewa Group of Companies shall negotiate the terms and conditions under which an easement or other use rights may be exercised. If Akewa Group of Companies occupies lands, the terms shall include payment of area fees and an amount for land rental at the land rental bid rate. The right to use such land does not extend to the right to harvest timber, unless the timber is taken to clear land for a right-of-way or yarding area. Use of private lands: Akewa Group of Companies may use private land with the express, written permission of the land owner. If Akewa Group of Companies is unable to obtain the permission of the land owner for such use, then use is limited to rights of way, and any compensation is governed by chapter 11 of the National Forestry Reform Law of 2006 and Forestry Development Authority Regulation 110-07. With or without permission of the land owner: i) Akewa Group of Companies shall not seek a use, lease, right-of-way, or easement that substantially interferes with the operations of another previously issued forest management contract or timber sale contract; and ii) Akewa Group of Companies shall not interfere with any good faith exercise of third-party rights to timber or forest products, including customary rights, without permission of the third party. For the avoidance of doubt, section B3.46 (Indemnificaton and Liability) of the contract applies to any claims against the Government for Akewa Group of Companies' damage to or use of private lands. In acting under the contract, even if done with Forestry Development Authority's knowledge and consent, Akewa Group of Companies does not act as Forestry Development Authority's agent. --Arts. B4.12, B4.13",,,,,,,,,,,,,,,,,,,,,,,,,,,,,,,,,,,,,,,,,,,,,,,,,,,,,,,,,,,,,,,,,,,,,,,,,,,,,,,,,,,,,,,,,,,,,,,,,,,,,,,,,,,,,,,,,,,,,,,,,,,,,,,,,,,,,,,,,,,,,,,,,,,,,,,,,,,,,,,,,,,,,,,,,,,,,,,,,,,,,,,,,,,,,,,,,,,,,,,,,,,,,,,,,,,,,,,,,,,,,,,,,,,,,,,,,,,,,,,,,,,,,,,,
Autre - [le nom de catégorie],Other - [Name of Category],,,,,Autre - [le nom de catégorie]//Other - [Name of Category],,,,,,,,,,,,,,,,,,,,,,,,,,,,,,,,,,,,,,,,,,,,,,,,,,,,,,,,,,,,,,,,,,,,,,,,,,,,,,,,,,,,,,,,,,,,,,,,,,,,,,,,,,,,,,,,,,,,,,,,,,,,,,,,,,,,,,,,,,,,,,,,,,,,,,,,,,,,,,,,,,,,,,,,,,,,,,,,,,,,,,,,,,,,,,,,,,,,,,,,,,,,,,,,,,,,,,,,,,,,,,,,,,,,,,,,,,,,,,,,,,,,,,,,,
6. Dispositions diverses,6. Miscellaneous provisions,,,,,6. Dispositions diverses//6. Miscellaneous provisions,,,,,,,,,,,,,,,,,,,,,,,,,,,,,,,,,,,,,,,,,,,,,,,,,,,,,,,,,,,,,,,,,,,,,,,,,,,,,,,,,,,,,,,,,,,,,,,,,,,,,,,,,,,,,,,,,,,,,,,,,,,,,,,,,,,,,,,,,,,,,,,,,,,,,,,,,,,,,,,,,,,,,,,,,,,,,,,,,,,,,,,,,,,,,,,,,,,,,,,,,,,,,,,,,,,,,,,,,,,,,,,,,,,,,,,,,,,,,,,,,,,,,,,,,
Loi applicable en cas des différends,Governing law in case of dispute,The contract is governed by Liberian law,Art. B3.41,15 (top),,Loi applicable en cas des différends//Governing law in case of dispute,The contract is governed by Liberian law--Art. B3.41,,,,,,,,,,,,,,,,,,,,,,,,,,,,,,,,,,,,,,,,,,,,,,,,,,,,,,,,,,,,,,,,,,,,,,,,,,,,,,,,,,,,,,,,,,,,,,,,,,,,,,,,,,,,,,,,,,,,,,,,,,,,,,,,,,,,,,,,,,,,,,,,,,,,,,,,,,,,,,,,,,,,,,,,,,,,,,,,,,,,,,,,,,,,,,,,,,,,,,,,,,,,,,,,,,,,,,,,,,,,,,,,,,,,,,,,,,,,,,,,,,,,,,,,
Arbitrage et règlement des différends,Arbitration and dispute resolution,"Failure by Akewa Group of Companies to submit a claim for resolution within 60 days of a disputed action by the Forestry Development Authority shall relinquish the Forest Development Authority from any and all obligations whatsoever related to the dispute. Any claim arising under the contract shall be decided by a contracting officer within 60 days of receipt of the claim (or a longer time as agreed by parties), whose decision shall be consistent with law and shall be based on strict interpretation of contract requirements and the established facts concerning the claim. The contracting officer shall prepare a written decision and furnish a copy to Akewa Group of Companies. The decision will be final and conclusive if, within 45 days from receipt, Akewa Group of Companies fails to appeal the decision to an appropriate Liberian court.",Art. B10.13,36 (top),,Arbitrage et règlement des différends//Arbitration and dispute resolution,"Failure by Akewa Group of Companies to submit a claim for resolution within 60 days of a disputed action by the Forestry Development Authority shall relinquish the Forest Development Authority from any and all obligations whatsoever related to the dispute. Any claim arising under the contract shall be decided by a contracting officer within 60 days of receipt of the claim (or a longer time as agreed by parties), whose decision shall be consistent with law and shall be based on strict interpretation of contract requirements and the established facts concerning the claim. The contracting officer shall prepare a written decision and furnish a copy to Akewa Group of Companies. The decision will be final and conclusive if, within 45 days from receipt, Akewa Group of Companies fails to appeal the decision to an appropriate Liberian court.--Art. B10.13",,,,,,,,,,,,,,,,,,,,,,,,,,,,,,,,,,,,,,,,,,,,,,,,,,,,,,,,,,,,,,,,,,,,,,,,,,,,,,,,,,,,,,,,,,,,,,,,,,,,,,,,,,,,,,,,,,,,,,,,,,,,,,,,,,,,,,,,,,,,,,,,,,,,,,,,,,,,,,,,,,,,,,,,,,,,,,,,,,,,,,,,,,,,,,,,,,,,,,,,,,,,,,,,,,,,,,,,,,,,,,,,,,,,,,,,,,,,,,,,,,,,,,,,
Clause de stabilisation,Stabilization clause,,,,,Clause de stabilisation//Stabilization clause,,,,,,,,,,,,,,,,,,,,,,,,,,,,,,,,,,,,,,,,,,,,,,,,,,,,,,,,,,,,,,,,,,,,,,,,,,,,,,,,,,,,,,,,,,,,,,,,,,,,,,,,,,,,,,,,,,,,,,,,,,,,,,,,,,,,,,,,,,,,,,,,,,,,,,,,,,,,,,,,,,,,,,,,,,,,,,,,,,,,,,,,,,,,,,,,,,,,,,,,,,,,,,,,,,,,,,,,,,,,,,,,,,,,,,,,,,,,,,,,,,,,,,,,,
Cession / transfert,Assignment / transfer,"Akewa shall not assign or transfer the contract or any interests, rights, privileges, or obligations under the contract, without prior written approval from the Government by and through the Ministry of Justice, Ministry of Finance, and the Forestry Development Authority. The Forest Development Authority shall not consent to any assignment or transfer of the contract, except in compliance with the requirements of Authority Regulation 104-07, section 71.",Art. B2.3,13 (middle),,Cession / transfert//Assignment / transfer,"Akewa shall not assign or transfer the contract or any interests, rights, privileges, or obligations under the contract, without prior written approval from the Government by and through the Ministry of Justice, Ministry of Finance, and the Forestry Development Authority. The Forest Development Authority shall not consent to any assignment or transfer of the contract, except in compliance with the requirements of Authority Regulation 104-07, section 71.--Art. B2.3",,,,,,,,,,,,,,,,,,,,,,,,,,,,,,,,,,,,,,,,,,,,,,,,,,,,,,,,,,,,,,,,,,,,,,,,,,,,,,,,,,,,,,,,,,,,,,,,,,,,,,,,,,,,,,,,,,,,,,,,,,,,,,,,,,,,,,,,,,,,,,,,,,,,,,,,,,,,,,,,,,,,,,,,,,,,,,,,,,,,,,,,,,,,,,,,,,,,,,,,,,,,,,,,,,,,,,,,,,,,,,,,,,,,,,,,,,,,,,,,,,,,,,,,
Annulation / Résiliation ,Cancellation / termination,"The Forest Development Authority, with the concurrence of the board of directors, shall terminate the contract if Akewa Group of Companies commits any of the breaches of the contract listed in the contract, and is unable to or fails to satisfactorily remedy them",Art B10.27,39-40,,Annulation / Résiliation //Cancellation / termination,"The Forest Development Authority, with the concurrence of the board of directors, shall terminate the contract if Akewa Group of Companies commits any of the breaches of the contract listed in the contract, and is unable to or fails to satisfactorily remedy them--Art B10.27",,,,,,,,,,,,,,,,,,,,,,,,,,,,,,,,,,,,,,,,,,,,,,,,,,,,,,,,,,,,,,,,,,,,,,,,,,,,,,,,,,,,,,,,,,,,,,,,,,,,,,,,,,,,,,,,,,,,,,,,,,,,,,,,,,,,,,,,,,,,,,,,,,,,,,,,,,,,,,,,,,,,,,,,,,,,,,,,,,,,,,,,,,,,,,,,,,,,,,,,,,,,,,,,,,,,,,,,,,,,,,,,,,,,,,,,,,,,,,,,,,,,,,,,
Indemnisation,Indemnification,"In the event of any damage, loss, or injury caused by acts or omissions of Akewa Group of Companies' agents, Akewa Group of Companies is liable for that damage, loss or injury according to Liberian law",Art. B3.46,16 (top),,Indemnisation//Indemnification,"In the event of any damage, loss, or injury caused by acts or omissions of Akewa Group of Companies' agents, Akewa Group of Companies is liable for that damage, loss or injury according to Liberian law--Art. B3.46",,,,,,,,,,,,,,,,,,,,,,,,,,,,,,,,,,,,,,,,,,,,,,,,,,,,,,,,,,,,,,,,,,,,,,,,,,,,,,,,,,,,,,,,,,,,,,,,,,,,,,,,,,,,,,,,,,,,,,,,,,,,,,,,,,,,,,,,,,,,,,,,,,,,,,,,,,,,,,,,,,,,,,,,,,,,,,,,,,,,,,,,,,,,,,,,,,,,,,,,,,,,,,,,,,,,,,,,,,,,,,,,,,,,,,,,,,,,,,,,,,,,,,,,
Confidentialité,Confidentiality,,,,,Confidentialité//Confidentiality,,,,,,,,,,,,,,,,,,,,,,,,,,,,,,,,,,,,,,,,,,,,,,,,,,,,,,,,,,,,,,,,,,,,,,,,,,,,,,,,,,,,,,,,,,,,,,,,,,,,,,,,,,,,,,,,,,,,,,,,,,,,,,,,,,,,,,,,,,,,,,,,,,,,,,,,,,,,,,,,,,,,,,,,,,,,,,,,,,,,,,,,,,,,,,,,,,,,,,,,,,,,,,,,,,,,,,,,,,,,,,,,,,,,,,,,,,,,,,,,,,,,,,,,,
Langue,Language,English,,,,Langue//Language,English,,,,,,,,,,,,,,,,,,,,,,,,,,,,,,,,,,,,,,,,,,,,,,,,,,,,,,,,,,,,,,,,,,,,,,,,,,,,,,,,,,,,,,,,,,,,,,,,,,,,,,,,,,,,,,,,,,,,,,,,,,,,,,,,,,,,,,,,,,,,,,,,,,,,,,,,,,,,,,,,,,,,,,,,,,,,,,,,,,,,,,,,,,,,,,,,,,,,,,,,,,,,,,,,,,,,,,,,,,,,,,,,,,,,,,,,,,,,,,,,,,,,,,,,
Obligations de reporting et autres méthodes de contrôle de la conformité,Reporting Requirements and other methods of monitoring compliance,"Annual Reports: a) Akewa Group of Companies shall, within 90 days of completing operations under each annual operational plan, provide to the Forestry Development Authority and the Ministry of Finance a written activity report that describes the previous year's operations, including the following: i) identification of each harvesting block in which Akewa Group of Companies carried out operations during the prior year; ii) for each harvesting block identified, a full description of the timber produced, including a description of the number, volume, and quality of trees per species felled; and iii) any other information reasonably requested by the Forestry Development Authority.  Other Reporting Requirements: Akewa Group of Companies shall keep the contracting officer fully and regularly informed as to Akewa Group of Companies' operations and any other activities related to the contract. Akewa Group of Companies shall comply with the Revenue and Finance Law concerning reporting related to taxes and fees.  Upon written request by the Forestry Development Authority, Akewa Group of Companies shall provide to the Forestry Development Authority all documents required by it to determine Akewa Group of Companies' compliance with its monetary obligations. Upon written request by the Forestry Development Authority, Akewa Group of Companies shall provide to it all other information of whatever kind that the Government or its agents may request to fully evaluate Akewa Group of Companies' compliance with the contract and all legal requirements related to Akewa Group of Companies' operations.","Art. B5.52, B5.52",23 (top),,Obligations de reporting et autres méthodes de contrôle de la conformité//Reporting Requirements and other methods of monitoring compliance,"Annual Reports: a) Akewa Group of Companies shall, within 90 days of completing operations under each annual operational plan, provide to the Forestry Development Authority and the Ministry of Finance a written activity report that describes the previous year's operations, including the following: i) identification of each harvesting block in which Akewa Group of Companies carried out operations during the prior year; ii) for each harvesting block identified, a full description of the timber produced, including a description of the number, volume, and quality of trees per species felled; and iii) any other information reasonably requested by the Forestry Development Authority.  Other Reporting Requirements: Akewa Group of Companies shall keep the contracting officer fully and regularly informed as to Akewa Group of Companies' operations and any other activities related to the contract. Akewa Group of Companies shall comply with the Revenue and Finance Law concerning reporting related to taxes and fees.  Upon written request by the Forestry Development Authority, Akewa Group of Companies shall provide to the Forestry Development Authority all documents required by it to determine Akewa Group of Companies' compliance with its monetary obligations. Upon written request by the Forestry Development Authority, Akewa Group of Companies shall provide to it all other information of whatever kind that the Government or its agents may request to fully evaluate Akewa Group of Companies' compliance with the contract and all legal requirements related to Akewa Group of Companies' operations.--Art. B5.52, B5.52",,,,,,,,,,,,,,,,,,,,,,,,,,,,,,,,,,,,,,,,,,,,,,,,,,,,,,,,,,,,,,,,,,,,,,,,,,,,,,,,,,,,,,,,,,,,,,,,,,,,,,,,,,,,,,,,,,,,,,,,,,,,,,,,,,,,,,,,,,,,,,,,,,,,,,,,,,,,,,,,,,,,,,,,,,,,,,,,,,,,,,,,,,,,,,,,,,,,,,,,,,,,,,,,,,,,,,,,,,,,,,,,,,,,,,,,,,,,,,,,,,,,,,,,
Clause de hardship ou force majeure,Hardship clause or force majeure,"Operations may be delayed or interrupted for reasons of force majeure. Failure to fulfill any terms or conditions of the contract due to force majeure (aside from Akewa’s obligations to make payments of money that accrued before the force majeure commenced) shall not be deemed to be a breach of the contract.  After the force majeure cause has stopped, any party who failed to perform its obligations because of force majeure will take all reasonable steps within its power to make good and resume, with the least possible delay, compliance with obligations.",Art. B10.23,37 (middle),,Clause de hardship ou force majeure//Hardship clause or force majeure,"Operations may be delayed or interrupted for reasons of force majeure. Failure to fulfill any terms or conditions of the contract due to force majeure (aside from Akewa’s obligations to make payments of money that accrued before the force majeure commenced) shall not be deemed to be a breach of the contract.  After the force majeure cause has stopped, any party who failed to perform its obligations because of force majeure will take all reasonable steps within its power to make good and resume, with the least possible delay, compliance with obligations.--Art. B10.23",,,,,,,,,,,,,,,,,,,,,,,,,,,,,,,,,,,,,,,,,,,,,,,,,,,,,,,,,,,,,,,,,,,,,,,,,,,,,,,,,,,,,,,,,,,,,,,,,,,,,,,,,,,,,,,,,,,,,,,,,,,,,,,,,,,,,,,,,,,,,,,,,,,,,,,,,,,,,,,,,,,,,,,,,,,,,,,,,,,,,,,,,,,,,,,,,,,,,,,,,,,,,,,,,,,,,,,,,,,,,,,,,,,,,,,,,,,,,,,,,,,,,,,,
Expropriation,Expropriation / nationalization,,,,,Expropriation//Expropriation / nationalization,,,,,,,,,,,,,,,,,,,,,,,,,,,,,,,,,,,,,,,,,,,,,,,,,,,,,,,,,,,,,,,,,,,,,,,,,,,,,,,,,,,,,,,,,,,,,,,,,,,,,,,,,,,,,,,,,,,,,,,,,,,,,,,,,,,,,,,,,,,,,,,,,,,,,,,,,,,,,,,,,,,,,,,,,,,,,,,,,,,,,,,,,,,,,,,,,,,,,,,,,,,,,,,,,,,,,,,,,,,,,,,,,,,,,,,,,,,,,,,,,,,,,,,,,
Autre - [le nom de catégorie],Other - [Name of Category],,,,,Autre - [le nom de catégorie]//Other - [Name of Category],,,,,,,,,,,,,,,,,,,,,,,,,,,,,,,,,,,,,,,,,,,,,,,,,,,,,,,,,,,,,,,,,,,,,,,,,,,,,,,,,,,,,,,,,,,,,,,,,,,,,,,,,,,,,,,,,,,,,,,,,,,,,,,,,,,,,,,,,,,,,,,,,,,,,,,,,,,,,,,,,,,,,,,,,,,,,,,,,,,,,,,,,,,,,,,,,,,,,,,,,,,,,,,,,,,,,,,,,,,,,,,,,,,,,,,,,,,,,,,,,,,,,,,,,
III. Notes sur le document,III. Document notes,,,,,III. Notes sur le document//III. Document notes,,,,,,,,,,,,,,,,,,,,,,,,,,,,,,,,,,,,,,,,,,,,,,,,,,,,,,,,,,,,,,,,,,,,,,,,,,,,,,,,,,,,,,,,,,,,,,,,,,,,,,,,,,,,,,,,,,,,,,,,,,,,,,,,,,,,,,,,,,,,,,,,,,,,,,,,,,,,,,,,,,,,,,,,,,,,,,,,,,,,,,,,,,,,,,,,,,,,,,,,,,,,,,,,,,,,,,,,,,,,,,,,,,,,,,,,,,,,,,,,,,,,,,,,,
Pages Manquantes de la copie,Pages missing from  copy,,,,,Pages Manquantes de la copie//Pages missing from  copy,,,,,,,,,,,,,,,,,,,,,,,,,,,,,,,,,,,,,,,,,,,,,,,,,,,,,,,,,,,,,,,,,,,,,,,,,,,,,,,,,,,,,,,,,,,,,,,,,,,,,,,,,,,,,,,,,,,,,,,,,,,,,,,,,,,,,,,,,,,,,,,,,,,,,,,,,,,,,,,,,,,,,,,,,,,,,,,,,,,,,,,,,,,,,,,,,,,,,,,,,,,,,,,,,,,,,,,,,,,,,,,,,,,,,,,,,,,,,,,,,,,,,,,,,
Annexes Manquantes de la copie,Annexes missing from copy,,,,,Annexes Manquantes de la copie//Annexes missing from copy,,,,,,,,,,,,,,,,,,,,,,,,,,,,,,,,,,,,,,,,,,,,,,,,,,,,,,,,,,,,,,,,,,,,,,,,,,,,,,,,,,,,,,,,,,,,,,,,,,,,,,,,,,,,,,,,,,,,,,,,,,,,,,,,,,,,,,,,,,,,,,,,,,,,,,,,,,,,,,,,,,,,,,,,,,,,,,,,,,,,,,,,,,,,,,,,,,,,,,,,,,,,,,,,,,,,,,,,,,,,,,,,,,,,,,,,,,,,,,,,,,,,,,,,,
